Title,University,Program,Funding,Year,Recipients_Partners,Description,Category
Developing scaling-up process to produce haloalkaliphilic bacteria inoculum for industry-deployment to treat alkaline wastes from refining alumina,The University of Queensland,AEA Seed,"$193,720.00",2023,Dr Fang You,"Australia's alumina sector is facing multi-billion dollars of liability to rehabilitate thousands of hectares of polluting bauxite residue (or red mud), which have already been accumulated in landscapes of Queensland, Northern Territory and Western Australia. This project aims to develop a process to effectively treat waste generated from refining alumina using haloalkaliphilic bacteria, which is a special type of bacteria. The production of aluminium produces a variety of bauxite waste products, some of which can be highly alkaline in nature. The ability to treat this waste would benefit resource companies by making alumina refinement more sustainable.","Energy, Environment & Sustainability"
Developing Spatial Adaptive Imaging for Clinics,The Australian National University,AEA Seed,"$141,483.00",2023,Dr Woei Ming Steve Lee,"This project aims to generate a new technology called Australian Made Spatial Adaptive Imaging (SAI), capable of surpassing the current gold-standards for high resolution imaging, including single cell imaging and other high resolution microscopy techniques. By pushing the boundaries of imaging technology, this project has the potential to significantly improve clinical diagnostics and treatments, offering a new level of detail and understanding in medical imaging that could benefit patients in Australia and around the world.",Health & Medical Technology
Development of a mini-gut reactor system for functional screening of gut microbiome modulators,Queensland University of Technology,AEA Seed,"$180,041.00",2023,Professor Yi-Chin Toh,"This project aims to develop a testing platform (mini-gut reactor) that can reduce the time taken to functionally test gut microbiome and help diagnosis and improve overall health. The gut microbiome refers to microorganisms living in the human digestive track which play a crucial role in human health. The ability to assess its function quickly and accurately is vital for advancing medical research and treatment. This project has the potential to transform the way gut health is managed and understood, with significant implications for healthcare in Australia and globally.",Health & Medical Technology
Development of non-invasive imaging tools to idendify recombinant protein expression in plant based molecular farming,The Australian National University,AEA Seed,"$166,117.00",2023,Dr Richard Poire,"Traditional meat production systems are unsustainable, using over 60 per cent of all the food we grow to feed the animals we eat. The future of meat is cultured but producers are struggling with high cost and low availability of the ingredients they need. Pharmaceutical, alternative food protein and nutraceutical sectors are investing in plant-based molecular farming (PBMF), where plants are used as protein factories. This project aims to develop a 3D scanner that can non-invasively detect and analyse the presence of food-grade recombinant proteins in plant leaves. This technology is crucial for the field of PBMF as it would allow for the optimisation and quantification of protein yield in leaves without damaging the plants. The project will utilise a unique 3D hyperspectral scanner at the Australian Plant Phenomics Facility. The scanner will identify the expression of these proteins, which are important for various applications, including pharmaceuticals and food products.","Energy, Environment & Sustainability"
Direct air capture of carbon dioxide and water to enable sustainable biomanufacturing,Monash University,AEA Seed,"$194,439.00",2023,Dr Masood Sheikh Alivand,"The uncontrolled use of fossil fuels has resulted in a graduate increase in atmospheric CO2 concentration and anthropogenic global warming. To address this issue, ‘negative emission technologies’, particularly direct air capture (DAC) are coming into focus globally. This project aims to design and build solar-powered DAC units capable of capturing CO2 producing water, thereby aligning well with Australia’s climate commitments. DAC technology aims to extract CO2 and water directly from the atmosphere. This process is powered by solar energy, making it a renewable and sustainable method.","Energy, Environment & Sustainability"
Enabling the Lithium economy by creating vale-added product(s) for energy storage market,Monash University,AEA Seed,"$199,290.00",2023,Dr Md Joynul Abedin,"Currently, Australia contributes to around half of the world’s lithium production for a global market of USD $3.83 billion. However, we most typically export lithium ores overseas for development into value-added products only to purchase the technology (e.g. batteries, supercaps) back at a higher price. This project aims to create next-generation, value-added products from lithium for the emerging energy storage market. The significance of this project lies in its potential to contribute to the lithium economy by creating high-value products such as lithium-ion capacitors (LICs), which offer a combination of battery-like energy density and supercapacitor-like power density. Battery technology is a vital part of the renewable energy mix and can be scaled from a personal household device up to grid-scale storage.","Energy, Environment & Sustainability"
Establishing Vision-BaDGE anti-VEGF DNA therapy for age-related macular degeneration,The University of New South Wales,AEA Seed,"$199,840.00",2023,Dr Georg von Jonquieres,"The project aims to develop a DNA-based therapy called ‘Bionic array Directed Gene Electrotransfer’ (BaDGE®) to treat wet age-related macular degeneration (wetAMD) and related vision disorders. Age-related macular degeneration is a leading cause of vision loss in the elderly, and the development of this therapy could provide a significant breakthrough in the treatment of these conditions. It holds promise not only for improving the quality of life for individuals affected by wetAMD in Australia but also has global implications for the treatment of vision disorders.",Health & Medical Technology
Geothermal Cities: Transfomring Urban Energy Supply with Innovative and Cost- Effective Shallow Geothermal Systems,The University of New South Wales,AEA Seed,"$199,953.00",2023,Dr Asal Bidarmaghz,"This project seeks to tackle the pressing challenge of energy affordability and the climate crisis in densely populated urban areas. It aims to harness the untapped potential of geothermal energy (heat derived from the earth’s interior) using ‘shallow geothermal systems’ which are both cost-effective and efficient. The successful implementation of shallow geothermal systems, which use stable temperatures near the earth’s surface to heat and cool buildings, could significantly impact energy sustainability in Australia, offering a reliable and affordable energy source while also contributing to global climate change mitigation efforts.","Energy, Environment & Sustainability"
High resolution cortical recording for the prediction and prevention of epileptic seizures,The University of Melbourne,AEA Seed,"$294,119.00",2023,Professor Steven Prawer,"Worldwide, more than 30 per cent of the people living with epilepsy are drug resistant. For many patients the anxiety associated with the unpredictability of seizures represents one of the primary burdens of the disease. This project is working to develop an implantable device that can monitor brain activity with high precision. Their aim is to predict and prevent epileptic seizures, which could also lead to a breakthrough in effectively treating depression and anxiety without the use of drugs. This technology has the potential to transform the lives of individuals suffering from epilepsy by providing a drug-free treatment option. It's a significant advancement not only for Australian healthcare but also for global medical practices.",Health & Medical Technology
"High-yield, low-cost manufacturing of quantum magnetic field sensors",The University of New South Wales,AEA Seed,"$171,675.00",2023,Dr Maja Cassidy,"This project aims to develop a low-cost manufacturing process for superconducting quantum magnetic sensors, capable of non-invasive geological mapping of resource deposits. The technology uses new methods in creating high-temperature superconductors with a helium ion beam to directly make the superconducting device. The sensors can detect magnetic fields in different ways, either as a vector magnetometer or as a magnetic gradiometer, which allows for mapping magnetic fields deep inside the earth. By identifying and mapping Australia’s primary resources, this project can practically enhance the work of mineral companies. A more efficient resources sector will be critical to building technology to drive down emissions.","Energy, Environment & Sustainability"
Improving diabetes treatment with a point-of-care device to objectively assess disease,The University of Adelaide,AEA Seed,"$445,000.00",2023,Professor Robert McLaughlin,"Over 1.2 million Australians have diabetes, costing $2.7 billion annually. Poor blood flow in the feet is a major complication and the leading global cause of chronic foot ulcers and foot amputations. However, clinicians lack good devices to help them assess blood flow. This project aims to develop a new medical device to accurately measure blood flow in patients. This innovation aims to enhance the treatment of diabetes by providing clinicians with objective data to inform their treatment decisions. This device has the potential to revolutionise treatment protocols, ensuring that diabetic patients receive the most appropriate and effective care.",Health & Medical Technology
Improving flotation benefication of minerals,The University of Queensland,AEA Seed,"$156,431.00",2023,Dr Hangil Park,"Flotation is the most widely used process for extracting minerals from their ores and uses water to either repel or attract minerals. This project aims to improve on the current flotation metal recovery process, which is crucial to significantly reduce processing time and metal loss. Importantly, improving flotation methods is important for products like rare earth elements which can have very low mineral concentrations. The project is expected to yield increased flotation recovery and product grade, providing valuable knowledge for full-scale design and potentially boosting production and export income from license fees.",Mining & Resources
Industrially viable manufacturing for next generation solar cells,Macquarie University,AEA Seed,"$196,621.00",2023,Professor Shujuan Huang,"This project aims to continue to build on and improve Australia’s solar cell industry by creating a manufacturing process that is both sustainable and efficient. It seeks to tackle the challenges of solvent toxicity and the cost and availability of critical materials, which are significant hurdles in the production of next-generation solar cells. By addressing these issues, the project intends to produce solar cells that are not only more efficient and cost-effective but also environmentally friendly, aligning with the global shift towards renewable energy sources and reduced greenhouse gas emissions.","Energy, Environment & Sustainability"
Lithium-ion Battery Recycling and Reclamation,Griffith University,AEA Seed,"$280,623.00",2023,Dr Zhenzhen Wu,"This project is focused on advancing lithium-ion battery recycling and reclamation. Lithium-ion batteries are essential in everything from smartphones to electric vehicles, and as the world transitions to net zero their demand will only increase. Australia's development of on-shore capabilities to ensure the battery’s components can be reintegrated into the battery supply chain or repurposed across various industries, preventing harmful chemicals being released into the environment through landfill is crucial.","Energy, Environment & Sustainability"
Low-Emission Carbon Dioxide Recycling Technology for Concrete Masonry Production,The University of New South Wales,AEA Seed,"$199,865.00",2023,Dr Alireza Kashani,"This project is pioneering a new CO2 capture technology for use in new low-emission concrete masonry. This project aims to create a new market for captured CO2 from industry sectors with hard-to-abate emissions. The captured CO2 will be used to make a new low-emission concrete masonry. This project aims to support a more sustainable construction industry, reducing the carbon emissions that come from making one of the most common building materials.","Energy, Environment & Sustainability"
Manufacture and agronomic assessment for polymer-free lignite derived slow-release fertiliser (SRF),The University of Southern Queensland,AEA Seed,"$251,714.00",2023,Associate Professor Lei Ge,"This project aims to design and manufacture slow-release fertilisers (SRFs) characterised with high efficiency and sustained slow-release of nutrients. The project's goal is to design and manufacture these SRFs without the use of polymers, which are traditionally used in such fertilisers to control nutrient release rates. There are environmental benefits in retaining more nitrogen in soil for a longer period as nitrogen losses and run off is a pressing issue in agriculture. Using lignite as ‘scaffolding’ may allow the plants to access more of the nitrogen in the SRF.",Agriculture & Food Technology
Market-relevant Rechargeable Aluminium Battery Prototyping,The University of Queensland,AEA Seed,"$151,960.00",2023,Dr Xiaodan Huang,"Battery storage is essential for Australia to shift to lower emissions electricity systems. Despite being well endowed with world-class battery minerals Australia’s battery industry is at the low end of the battery value chain. This project aims to bring a new type of rechargeable battery to the market. By leveraging a patented graphene processing technique developed at The University of Queensland, the project seeks to create aluminium batteries that are not only rechargeable but also more efficient and potentially cheaper than current options.","Energy, Environment & Sustainability"
Mining with muons: muon tomography methods for site exploration and safety management,Swinburne University of Technology,AEA Seed,"$153,823.00",2023,Dr Federico Scutti,This project aims to conduct the first underground survey using muon tomographic at a mine site using Australian-developed technology. Muons are elementary particles generated through cosmic rays and used to peer inside dense or dangerous objects and environments. This groundbreaking survey method will significantly enhance site exploration and safety management by providing detailed 3D density maps of underground structures. The generation of 3D modelling at mine sites will allow industry to identify mineral deposits and oil reservoirs without the need to enter the spaces physically.,"Energy, Environment & Sustainability"
NanoVibeH2: High Frequency Sound Wave Electrolytic Enahancement for Efficient Green Hydrogen Production,The Royal Melbourne Institute of Technology (RMIT),AEA Seed,"$157,282.00",2023,Associate Professor Amgad Rezk,"This project aims to develop a technology known as the NanoVibeH2, which uses high frequency sound waves to efficiently produce green hydrogen. Electrolysis involves electricity running through water with two electrodes to split water molecules into oxygen and hydrogen gases, which appear as bubbles. This technology offers a promising way to tap into a plentiful supply of cheap hydrogen fuel for transportation and other sectors, which could radically reduce carbon emissions and help fight climate change.","Energy, Environment & Sustainability"
Olives the Australia Way - A new style of table olive using a novel debittering process,University of South Australia,AEA Seed,"$275,054.00",2023,Professor John Fielke,"Olives are a healthy product due to the presence of anti-oxidants, vitamins and anti-cancer compounds. Current commercial methods to reduce the bitterness of olives use lye and/or fermentation whereolives are stored in an acidic brine solution. These industrial processes result in much wastewater, and produce olives high in salt that is devoid of natural flavours. This project is focused on developing a new style of olive using a patented and novel process. to remove bitterness from olives quickly and effectively whilst maintaining high quality. The goal is to provide consumers with a healthy table olive that contains less salt whilst preserving the natural fresh flavours and healthy compounds. The process also offers the possibility of using the olive brine extracts for a range of health-related products, such as nutraceuticals or new food ingredients.",Health & Medical Technology
On-sun testing of thermo-photocatalytic water-splitting for hydrogen production,The University of Adelaide,AEA Seed,"$470,511.00",2023,Professor Greg Metha,"This project aims to advance clean hydrogen production technology via photocatalysis, which is a method of harnessing sunlight to drive chemical reactions. Green hydrogen is a clean fuel, and its production through such innovative means is crucial for Australia's energy future and the global shift towards sustainable energy sources. The project is expected to fast-track the technology from lab-scale to a beta prototype-scale reactor tested in real sun conditions, moving it closer to meeting the demand for green hydrogen from industries that are hard to decarbonise.","Energy, Environment & Sustainability"
Ore-sand: a circular economy solution to reduce mineral wastes and produce alternative construction materials,The University of Queensland,AEA Seed,"$180,000.00",2023,Dr Juliana Segura Salazar,"This project aims to tackle two major sustainability challenges in the mining industry: managing tailings waste in mining operations and reducing the need for natural sand extraction. The project’s innovative approach involves developing mineral processing techniques to create a new product called ore-sand, which can be used in construction and other industries. This project demonstrates a move towards a more sustainable, circular economy by repurposing by-products from mineral mining.","Energy, Environment & Sustainability"
Proof of concept cattle tick vaccine trial for commercial adoption,The University of Queensland,AEA Seed,"$260,652.00",2023,Dr Hannah Siddle,"Cattle ticks are members of the Rhipicephalus microplus species and are responsible for $US22-30 billion in losses to cattle industries world-wide. In Australia, beef producers are losing $128.2 million every year due to tick related losses. This project aims to validate the efficacy of novel tick vaccines. These vaccines are designed to significantly reduce the presence of ticks in economically important cattle breeds. The project is part of a broader effort to enhance agricultural productivity and animal health, with potential benefits including improved cattle welfare and reduced reliance on chemical tick treatments.",Health & Medical Technology
Rapid development of new medical treatment compounds from radioactive mine waste,The University of Adelaide,AEA Seed,"$196,248.00",2023,Ms Danielle Questiaux,"This project aims to identify a new source of cancer therapy medicines, called ‘radiopharmaceuticals’, which can be extracted from existing uranium mining waste. The process involves sourcing samples from radioactive waste at legacy mine sites, determining optimal extraction protocols through tests on synthetic and simulated compounds and then verifying these protocols on actual radioactive waste samples. Australia has the world’s largest uranium reserves and is the world’s third largest producer of uranium. Finding uses for uranium ore tailing and waste rock will assist industry to operate in a more sustainable way.",Health & Medical Technology
Revolutionising Agriculture: Innovative Encapsulation Technologies for a Sovereign Supply Chain,The University of Adelaide,AEA Seed,"$299,994.00",2023,Dr Yue Hui,"The global demand for animal-sourced foods continues to increase, but the livestock industry faces the challenge of high feed costs, which account for approximately 70 per cent of the total production expenses. Enzymes have become critical feed additives in the livestock industry, playing an essential role in improving animal performance, reducing feed conversion rates, and reducing mortality. This project focuses on enhancing Australia’s livestock industry and establishing sovereign supply chain capability, by developing a process that can encapsulate and deliver enzymes to livestock sustainably. The encapsulation technology aims to improve the stability and bioavailability of bioactive ingredients, which are crucial for animal performance and health.",Health & Medical Technology
Sensing the unseen: Advanced hydrogen gas sensor,The University of Sydney,AEA Seed,"$192,703.00",2023,Professor Xiaoke Yi,"As the use of hydrogen gas as a clean and sustainable energy carrier continues to grow, hydrogen sensors will play a critical role in ensuring its safe and efficient use. Hydrogen is naturally colourless and odourless, making it difficult to detect leaks or other hazards. This project is focused on developing a novel sensor for hydrogen gas detection, which will be assisted by artificial intelligence. The new sensor aims to offer higher sensitivity, faster response times and cost-effectiveness compared to current sensors. This sensor could be crucial for monitoring hydrogen in facilities where it's produced, stored, transported or used, enhancing safety and efficiency.","Energy, Environment & Sustainability"
Single-shot anti-fertility vaccine for pigs,The University of Queensland,AEA Seed,"$471,683.00",2023,Dr Rachel Stephenson,"Boar taint is an objectionable odour correlated with androsterone (a male hormone) and skatole (a by-product of intestinal bacteria in males and females) that is often perceived during the cooking of pork and can also affect the flavour of meat and is a major consumer complaint. For centuries, pigs have been castrated to prevent boar taint which limits productivity and increases animal welfare concerns of commercial pork production. This project aims to develop a safe and effective vaccine for long-term hormonal control in pigs. The vaccine is expected to be a single-shot solution that produces long-term antibodies, reducing sex hormone levels in pigs and allowing for more efficient metabolism of skatole. The benefits include humane and sustainable pork production, reduced feed requirements and less waste compared to traditional castration methods, as immunised pigs convert food into body weight more efficiently.",Health & Medical Technology
Sustainable metal extraction and recovery from metal-containing waste for renewable energy transition and circular economy,The University of Adelaide,AEA Seed,"$199,783.00",2023,Associate Professor Chi Wai Kwong,"This project aims to commercialise a process that recovers valuable metals from e-waste and spent lithium-ion batteries sustainably. The project seeks to minimise environmental impact and align with Australia's commitment to a circular economy, which emphasises sustainable consumption, production and waste reduction. This project is expected to contribute to Australia's economic growth by creating high-demand products while reducing mineral waste and supporting the transition to renewable energy.","Energy, Environment & Sustainability"
Targeting the Kv1.3 potassium channel to treat chronic kidney disease,Monash University,AEA Seed,"$196,297.00",2023,Dr Dorothy Wai,"Chronic kidney disease (CKD) is a major public health problem, with more than 2 million Australians living with the disease, which is associated with adverse outcomes of kidney failure, cardiovascular disease and premature death. The project is focused on developing a therapy that targets the Kv1.3 potassium channel, a specific type of potassium channel found in the membranes of cells, which plays a role in the function of various tissues, including the kidneys, with the aim of treating CKD. This approach represents a novel strategy in the fight against CKD, which currently has limited treatment options beyond kidney transplantation and dialysis.",Health & Medical Technology
Toward a rapid antibody test (RAT) for phosphine resistant insect pests of stored grain,The University of Queensland,AEA Seed,"$58,666.00",2023,Associate Professor Paul Ebert,"Phosphine fumigation is the mainstay of insect pest control in stored grain, making it essential to international trade and global food biosecurity, a role threatened by phosphine resistant pests. This project aims to create a Rapid Antibody Test (RAT) that can quickly identify every resistance variant in every species of pest insect of stored grain resistant to phosphine. The presence of these resistant insects can lead to significant crop loses; therefore, timely action is crucial to manage them. The technology developed could reinforce Australia's position as a leader in postharvest grain handling and improve the country's competitive stance in international markets.","Energy, Environment & Sustainability"
Towards Non-invasive Pathology using Thermal Imaging Spectroscopy for Skin Cancer Diagnosis,The University of Melbourne,AEA Seed,"$200,000.00",2023,Miss Noor E Karishma Shaik,"Skin cancer is a prevalent issue in Australia, with 2 out of 3 Australians being diagnosed with it in their lifetime, and one Australian dying every 5 hours. This project aims to develop a non-invasive method to detect skin cancer using a thermal imaging spectroscopy. This camera-based technology will allow for the early detection and categorisation of suspicious skin lesions, potentially improving the accuracy and speed of cancer diagnosis. This can save the time of dermatologists and can also be very useful as an opportunistic screening service in areas with limited access to specialised medical facilities like rural and remote locations.",Health & Medical Technology
Transforming Australian regions for sustainable development: a novel approach to efficient recovery for cleaning contaminated sites,University of South Australia,AEA Seed,"$298,056.00",2023,A/Professor Larissa Statsenko,"This project aims to develop an environmentally friendly and cost-effective technology to recover valuable metals and eliminate harmful compounds from contaminated soils and sediments. The project is part of a larger effort to commercialise processes that recover valuable metals from various forms of waste, such as e-waste and spent lithium-ion batteries, in a sustainable manner. The ongoing rehabilitation of mine sites across Australia is an important issue for the social licence of the resources industry along with cultural impact for traditional landowners. Boosting the value of effective mine site closure will mitigate the costs and promote holistic life of site management.",Health & Medical Technology
Utilising alternative cytokine receptor signalling for enhanced cell-based cancer immunotherapy,The University of Queensland,AEA Seed,"$307,524.00",2023,A/Professor Andrew Brooks,"This project is focused on developing new cell-based therapies by leveraging alternative cytokine receptor signalling pathways. Cytokine receptor signalling pathways refers to the complex communication process between cells that can be harnessed to trigger an immune response against cancer cells. The aim is to create more effective treatments for cancer, which remains one of the most challenging diseases to treat.",Health & Medical Technology
Value Adding Natural Zeolite Resources: Enhanced Anaerobic Digestion for Biogas Production and Nutrient Management,Queensland University of Technology,AEA Seed,"$288,977.00",2023,Professor Graeme Millar,"This project aims to improve biogas production using large-scale anaerobic digesters. These digesters break down organic matter like manure or food waste and the process is enhanced by the addition of natural zeolite. Zeolite can capture nutrients like ammonium, potassium, and phosphate, which are beneficial for wastewater treatment and reducing fertilizer consumption. A more efficient process for digestion means more nutrients can be effectively recovered and used again for other purposes like producing renewable energy.","Energy, Environment & Sustainability"
World's first chemical antibody-based intraoperative diagnostic platform for surgical pathology,Deakin University,AEA Seed,"$200,000.00",2023,Professor Wei Duan,"Cancer ranks as the second-leading cause of death worldwide. During cancer surgery, analysing tissue samples is crucial for detecting any remaining cancer cells and the spread of cancer to lymph nodes. This project aims to develop a tool that surgeons can use during surgery to quickly obtain precise information about internal organs while the patient is still in the operating room. This platform will revolutionise cancer surgical pathology by enabling real-time treatment decisions that are accurate and precise.",Health & Medical Technology
MiniGrav: a drone-deployable miniaturised absolute gravimeter for subsurface mapping,The Australian National University,AEA Seed,"$192,872.00",2024,Dr Samuel Legge,This project will develop a portable prototype that can detect material and structures under the ground. The prototype can be used across a range of fields such as in mining to detect different types of material deposits underground reducing the need for explorative digging as well in defence applications like detection of mines or tunnels. The device is compact enough to be deployed on an unmanned aerial drone or carried by a single soldier.,"Energy, Environment & Sustainability"
Blue Ocean LiDAR (laser) for remote ocean temperature mapping,Macquarie University,AEA Seed,"$182,069.00",2024,Dr Ondrej Kitzler,"This project aims to commercialise a laser-based method to measure subsurface water temperature and depth that is not currently available commercially. This technology is more efficient than existing approaches (satellite and marine buoys) with broad defence and environmental applications including; detection of underwater objects, increased accuracy in predicting coral bleaching events and refinement to climate modelling.","Energy, Environment & Sustainability"
Revolutionising Radiation Protection: World first multiorgan pharmaceutical radiation protectant for defence capability and civilians,The University of Adelaide,AEA Seed,"$395,000.00",2024,Dr Agnieszka Kumorkiewick- Jamro,This project aims to commercialise the first drug developed to protect internal organs from radiation sources. If successful the project will have medical and defence applications.,Health & Medical Technology
"Next-generation stress imaging for rapid structural prototyping, testing and evaluation",The University of Adelaide,AEA Seed,"$372,478.00",2024,Dr John Codrington,"This project will enhance the detection of, track, and predict structural fatigue in aircraft. This will enable industry to design more effectively, manufacture, and prototype innovations that result in shorter development cycles and accelerated structural certification for aircraft.","Energy, Environment & Sustainability"
Sovereign Portable Atomic Clock for a Global Positioning System 2.0,The University of Adelaide,AEA Seed,"$474,794.00",2024,Dr Sarah Scholte,"This project seeks to reduce the size of atomic clocks in next generation GPS satellites which will result in reduced orbital heights and stronger GPS signals that are more resilient to disruption. These clocks will enhance Australian Defence Capability, allowing Australian defence operations to continue unaffected in GPS-denied or contested international environments.",Mining & Resources
A novel satellite thermal management system enabling advancement in defence and remote sensing capabilities,The University of Melbourne,AEA Seed,"$180,813.00",2024,Mr Andrew Woods,This project will apply a new composite 3D printing process to reduce the cost of infrared image acquisition systems in satellites.,"Defence, Aerospace, & Security"
Scaling of Advanced Ammunition Manufacturing,The University of New South Wales,AEA Seed,"$59,584.00",2024,Associate Professor Kevin Laws,"This project aims to support lower cost mass production of new, high-performance ammunition in different calibres used by the Australian Defence Force (ADF). The project will support sovereign ammunition manufacturing capability, strengthen Australia’s ammunition supply-chain and provide a strategic warfighting and ammunition performance advantage to the ADF.","Defence, Aerospace, & Security"
Pioneering portable labs: user-friendly molecular level COVID test strips,The University of New South Wales,AEA Seed,"$491,014.00",2024,Dr Fei Deng,This project aims to establish commercial viability of a new type of portable test-strip for COVID-19. These tests will be sensitive enough to replace the current PCR-based COVID-19 testing and will be suitable for use by untrained individuals.,"Energy, Environment & Sustainability"
Integrated Rocket Motor Case and Nozzle using Nano- Engineered Phenolic Composite,The University of New South Wales,AEA Seed,"$497,636.00",2024,Dr Zhao Sha,"This project aims to develop new carbon composite technology to manufacture integrated single-piece rocket casings, liners, and nozzles. This will reduce the number of rocket failures and support emerging space industries.","Energy, Environment & Sustainability"
Extending radio communications range of Defence platforms through integration of cost-effective functional composite antennas,The University of Queensland,AEA Seed,"$246,600.00",2024,Dr Mitch Dunn,This project is developing a new antenna prototype that integrates into the wing of an uncrewed plane with improved radio performance that withstands the aerodynamic forces of unmanned flight.,"Energy, Environment & Sustainability"
A rapid phase-transition heat absorber by additive manufacturing,University of Technology Sydney,AEA Seed,"$369,285.00",2024,Associate Professor Nick Bennett,This project addresses the growing need in several of Australia’s key industrial sectors to deal with very high heat loads. The project will develop a prototype that controls and absorbs large discharges of thermal energy using 3D-printed components and phase-change materials to rapidly disperse the heat.,"Energy, Environment & Sustainability"
Phased Multibeam Antenna Arrays for Autonomous Drones and Surface Vessels,University of Technology Sydney,AEA Seed,"$311,054.00",2024,Prof Yingjie Guo,"The project will develop a new low-cost, energy efficient antenna technology for autonomous drones and surface vessels as existing solutions are unsuited in power-limited systems (autonomous drones and surface vessels). Additionally, the technology has potential across a range of applications such as enhanced wireless systems for defence, mining automation, intelligent transport, and future communications networks such as 5G and 6G.","Energy, Environment & Sustainability"
Towards passive long-range missile detection based on adaptive multi-spectral mid-wave infrared thermal imaging,The University of Western Australia,AEA Seed,"$443,602.00",2024,Associate Professor Gilberto Umana- Membreno,This project aims to develop a missile detection system that can be made readily available on a larger array of defence platforms to defend personnel and military assets.,"Energy, Environment & Sustainability"
Closed-loop smart cathodic protection technology for infrastructure protection and life extension,Deakin University,AEA Seed,"$440,782.00",2024,Professor Yonguin Mike Tan,The proposed technology will provide protection against corrosion and degradation of critical parts in solar and wind farms.,"Energy, Environment & Sustainability"
Methods for the robust employment of metal additive manufacturing in high risk industrial applications,Charles Darwin University,NIPhD Program - Industry Researcher,"$207,000.00",2023,Effusiontech trading as SPEE3D Pty Ltd,"The project aims to develop techniques that ensure safe and reliable use of metal additive manufacturing (AM) in high-risk industrial applications by using cold spray and other AM technologies. Currently, the widespread use of AM is hindered due to comprehending quality controls and material properties. Significantly, the project will pioneer the establishment of reliable validation methodologies. The outcomes include the development of new validation techniques, materials and process control methods. The benefits are new possibilities for AM as a viable manufacturing technique without onerous levels of validation and testing thus reducing the effects of supply chain issues in remote areas.","Energy, Environment & Sustainability"
Characterisation of the Aetiology and Prodromal Phase of Parkinson’s Disease in a Novel Murine Model,Curtin University,NIPhD Program - Industry Researcher,"$207,000.00",2023,Ozgene Pty Ltd,This project aims to develop a physiologically relevant mouse model of Parkinson’s disease to robustly assess potential efficacy of new treatments for Parkinsons’. Parkinson’s disease is a degenerative brain disorder increasing in prevalence with no cure. Failure to find effective treatments is significantly confounded by a lack of robust preclinical mouse models to efficiently test potential treatments. The outcomes of this project will have a global impact for people living with Parkinson’s disease. The project through the industry partnership will also generate Australian-intellectual property that will be of global interest.,Health & Medical Technology
A deep learning method for radiological analysis of spinopelvic mobility,Flinders University,NIPhD Program - Industry Researcher,"$207,000.00",2023,360 Med Care,"This project aims to using advanced 2D to 3D image reconstruction techniques and artificial intelligence to improve the planning of total hip replacement surgery. The project expects to provide valuable additional information to a surgeon to enhance their surgical decision-making process. This project will enhance the collaboration between 360 MedCare and Flinders University through the application computer vision and deep learning techniques, whilst training the next generation of biomedical engineers. This technology will reduce the risk of dislocation, a major cause of failure of total hip replacements.",Health & Medical Technology
"Co-design and evaluation of a fully interoperable paediatric burns registry for patients, families and clinicians",Griffith University,NIPhD Program - Industry Researcher,"$207,000.00",2023,Children's Health Queensland,"This project aims to co-design and implement a paediatric burns registry using automated data capture (ADC) from electronic medical records. It has the potential to improve efficiency and accuracy of data collection for clinical registries, whilst expanding the scope of data collection for national registries to include outpatient data and patient-reported outcome measures. Expected outcomes include a feasible, acceptable and sustainable implementation of a codesigned paediatric burns registry, providing critical insights into paediatric burn care and informing treatment and prevention strategies. The project has the potential to improve paediatric burns outcomes, provide an implementation template of ADC methods for other clinical registries, improve efficiency and effectiveness of observational healthcare research.",Health & Medical Technology
Highly sensitive nanosensors for the detection of trace gases in air-based gas mixtures,Macquarie University,NIPhD Program - Industry Linked,"$66,240.00",2023,Agscent Pty Ltd,"This project aims to address the agriculture industry's challenge of establishing a non-invasive pregnancy detection system for animals on farms, through the development of advanced gas sensing technologies. The project expects to significantly improve livestock and dairy operator productivity and animal welfare, decrease costs and reduce operator injury. The project will improve gas sensing technology selectivity, fostering a strong research-industry collaboration, and offering the PhD candidate valuable industry insights. This project will revolutionize cattle management across the Meat, Livestock, and Dairy industries, benefiting not only the key industry partner but also various sectors such as food, agriculture, and environmental monitoring.",Health & Medical Technology
Decommissioning of mixed-media industrial equipment and opportunities for plastic waste upcycling and recycling in Australia,Monash University,NIPhD Program - Industry Linked,"$66,240.00",2023,Woodside Energy Group Ltd,"This project aims to identify and assess pathways for polymer recycling applicable to industrial decommissioned equipment. This project expects to generate a circular materials network within the Australian landscape that links scalable technologies for plastic recycling from university and industry research with the appropriate industrial waste streams and material processing partners. Expected outcomes of this project include a network linking industrial waste to upcycling and recycling partners, which maximises the use of Australia’s most novel and scalable polymer processing technologies. The new recycling network will redirect over 50,000 tonnes of material, destined for landfill, into new products and fuels.","Energy, Environment & Sustainability"
Intelligent Retinal Blood Vessel Analysis on Multiple Imaging Modalities,Queensland University of Technology,NIPhD Program - Industry Linked,"$66,240.00",2023,TeleMedC Pty Ltd,"The project aims to develop advanced artificial intelligence techniques to analyse retinal blood vessels. The project expects to generate new analysis approaches for retinal blood vessels, which are the only visible vessel network in the human body in non-invasive imaging methods. The outcomes of the project will help people understand the relationship between changes in retinal blood vessels and cardiovascular disease. In Australia, 1.2 million people had heart disease and 27% of all deaths are related to diseases of the circulatory system. The project’s outcomes will contribute to cardiovascular disease risk prediction, early detection and disease monitoring.",Health & Medical Technology
A Digital Twin Model for Design and Development of Cutting Tools with Macro and Micro Geometries,Swinburne University of Technology,NIPhD Program - Industry Researcher,"$207,000.00",2023,Sutton Tools Pty Ltd,"This project aims to develop a digital twin model of a cutting tool that can incorporate macro and micro geometries. The project expects to develop an accurate and innovative 3D digital model for automated metrology, which is aligned to the core R&D work at Sutton Tools. Expected outcomes include an understanding of the effect of macro and micro tool geometries on cutting tool performance; and development of a digital twin model of a cutting tool that can deliver tool design solutions related to real-world applications. These technologies will benefit rapid development of AI-based approaches for advanced tool design.","Energy, Environment & Sustainability"
"Developing a novel cross-protective, inactivated vaccine against non-typeable Haemophilus influenzae",The University of Adelaide,NIPhD Program - Industry Linked,"$66,240.00",2023,GPN Vaccines Ltd,"This project aims to develop a new vaccine that will prevent ear infections in children and lung infections in adults. These infections are caused by increasingly common bacteria, Haemophilus influenzae (NTHi). An effective vaccine would reduce the illnesses caused by NTHi, delivering a new Australian product to sell on the global vaccine market. Indigenous communities will also benefit from this vaccine because many children have high rates of middle ear infections caused by NTHi. This project will strengthen collaboration between the University and GPN Vaccines, equipping the PhD candidate with life-long industry-relevant skills and networks, and future career opportunities.",Health & Medical Technology
Using machine learning to improve polygenic risk prediction of cancer,The University of Melbourne,NIPhD Program - Industry Linked,"$66,240.00",2023,Genetic Technologies Limited,This project aims to improve the way that genetic analysis can be used to help predict risk of colorectal cancer. The project will use cutting-edge machine learning techniques to develop new genetic analysis methodologies that are more accurate across a variety of ancestries. The new genetic analysis will be incorporated into Genetic Technologies’ existing colorectal cancer risk prediction test. The new test will better identify people at high risk and enable them to take preventive action or undergo additional screening. This will save lives through early detection of colorectal cancer.,Health & Medical Technology
Building Digital Resilience for the climate crisis,The University of Queensland,NIPhD Program - Industry Researcher,"$207,000.00",2023,APPEGGIO,"The aim of this project is to enable Australian businesses develop innovative digital services that help them adapt to the challenges of climate change and promote environmental sustainability. It is crucial for businesses in Australia to prepare for the impacts of climate change today to achieve net-zero by 2050. The expected outcomes of this project include valuable knowledge, tools, and frameworks that can be used by both technical and non-technical individuals to respond to, and prepare for, climate-related crises. By building digital resilience and helping reduce carbon emissions, this project actively contributes to a more sustainable future for everyone.","Energy, Environment & Sustainability"
Reducing uncertainty and improving the efficiency of driven pile foundation technologies in infrastructure and land development projects,The University of Queensland,NIPhD Program - Industry Linked,"$66,240.00",2023,FSG Geotechnics & Foundations,"This project aims to investigate how the load capacity of driven pile foundations changes over time. The project expects to generate new approaches to predict this behaviour, as there is no robust methodology that considers the range of influencing variables resulting in inefficiencies and delays when it occurs. Expected outcomes of this project include utilizing the findings in the design of driven foundations, strengthening collaborations and exposing the PhD student to practical foundation engineering. This project will improve efficiency and predictability of driven foundations; benefiting the construction industry and the many public and private projects which rely on piled foundations.","Energy, Environment & Sustainability"
New methods for biomarker discovery from microsampled whole blood of cancer patients,The University of Sydney,NIPhD Program - Industry Researcher,"$207,000.00",2023,Sangui Bio Pty Ltd,"The project aims to develop better ways to diagnose and track the health of cancer patients by using blood samples taken from a fingerpick. The project expects to generate new processes, innovative products and intellectual property for the partners. Expected outcomes of this project include strengthening existing collaborations between university and industry partner and providing the PhD candidate with new scientific research skills. The expected benefits of this project will be to allow consumers to play more active roles in their healthcare by introducing innovative methods for conducting blood tests.",Health & Medical Technology
"Precision biomanufacturing of postbiotics: the next-generation functional materials for pharmaceutical, nutraceutical, food, and agriculture applications.",The University of Sydney,NIPhD Program - Industry Linked,"$66,240.00",2023,BiomeCentric Pty Ltd,"Postbiotics are functional molecules produced by probiotics through fermentation and are responsible for the biological effects of probiotics. There is limited knowledge surrounding the physicochemical parameters that affect production of postbiotics. This project will provide fundamental understanding of how the microenvironment of probiotics regulates production and function of postbiotics. The project outcomes will be: (i) commercialisation of Australian-made, sustainably derived functional materials, (ii) highly-skilled workforce and biotechnology experts, and (iii) establishing a resilient academia-industry biomanufacturing ecosystem. Understanding this relationship will enable a paradigm shift from pro- to postbiotics, key to unlocking the full potential of these important functional molecules.",Agriculture & Food Technology
"Heritage Equity in Energy Transitions: First Nation cultural heritage protection in extractive mining industries in Australia, Canada and the United States of America",The University of Western Australia,NIPhD Program - Industry Researcher,"$207,000.00",2023,Atlas Iron Pty Ltd,"This project will develop new, balanced approaches for the protection of Indigenous cultural heritage, while facilitating the sustainable extraction of Energy Transition Minerals (ETM). Extractive industries represent 10.4% of Australia’s GDP and a staggering 49% of WA’s Gross State Product (2020-1) but operate under deficient frameworks for heritage protection and industry conflict resolution. Expected outcomes include mitigating risks to Indigenous people’s well-being by co-managing impacts to their cultural heritage, reducing risk and industry costs and advancing strategic government priorities. This project will strengthen existing collaborations between industry, Indigenous people, and heritage professionals by providing novel, international best-practice models.","Energy, Environment & Sustainability"
Clinical translation of laser bone sculpting for total knee replacements,The University of Western Australia,NIPhD Program - Industry Researcher,"$207,000.00",2023,Australian Institute of Robotic Orthopaedics,"The aim of this project is to optimise and verify laser bone shaping parameters, facilitating adoption of this ground-breaking Australian technology into clinical practice. With two million osteoarthritis patients in Australia, the project introduces a novel, patient-centred approach to knee replacements, aimed at improving patient satisfaction and expediting recovery. The project will strengthen academia-industry collaborations, provides a foundation for new partnerships, and develops local expertise for future Australian medical device commercialisation. Laser bone shaping will revolutionize the global practice of orthopaedics, improve patient outcomes, and alleviate strain on public health resources and wait times.",Health & Medical Technology
The development of rapid and sensitive methods for the detection of pathogens in water,The University of New South Wales,NIPhD Program - Industry Researcher,"$207,000.00",2023,Biopoint Pty Ltd,The project aims to develop portable methods to detect pathogenic microorganisms in water samples at the sensitivity level of laboratory gene tests. The new methods will enable onsite and online detection of disease-causing organisms water supplies. The Industry PhD candidate will contribute to the creation of industry-ready portable tests for water safety monitoring. The new designs will be adapted for product development and commercialisation. The outcomes will provide Australia with indigenous capability for portable monitoring of water-borne pathogens and reduce Australia’s reliance on the overseas supply chains for critical biosensing measures.,Health & Medical Technology
Development and characterisation of DNA aptamers immobilised on gold electrode surfaces for utility in wearable electrochemical biosensors,The University of New South Wales,NIPhD Program - Industry Researcher,"$207,000.00",2023,Nutromics Pty Ltd,This project aims to understand how to optimise the function of DNA-based sensing elements when immobilised on electrode surfaces for use with wearable sensors. This is now known to be the crucial step to solving the 50 year old challenge of sensors that can continuously monitor drugs and biomarkers in patients in real time. This will be achieved by using new surface characterisation methods that can show how individual DNA molecules assemble on the electrode and allow the determination how the assembly influences function. This knowledge will accelerate Nutromics’ launch of its wearable biosensor into hospitals and clinics.,Health & Medical Technology
TeraStream: Analysing Network Traffic at Terabit Speed using Artificial Intelligence,The University of New South Wales,NIPhD Program - Industry Linked,"$66,240.00",2023,Canopus Networks Pty Ltd,"This project aims to provide telecommunications network operators deep visibility into user experience on interactive multimedia applications and cybersecurity threats by utilising novel Programmable Networks and Artificial Intelligence techniques. The project expects to develop innovative network analysis techniques for the partnered Australian enterprise Canopus Networks, addressing Enabling Capabilities priority. Expected outcomes include novel AI systems for user experience and cyber-security, strengthening industrial collaborations, and developing PhD candidate’s skills for translational telecommunications research. This AI-based telecommunications analytics system will provide intellectual property for the Australian industry to maintain its leading position in the telecommunications market globally.","Energy, Environment & Sustainability"
Yeast fermentation and strain optimisation for the Ethtec Cellulosic Ethanol Pilot Plant Project,University of Newcastle,NIPhD Program - Industry Linked,"$66,240.00",2023,Ethanol Technologies Pty Limited,"This project aims to optimise production of bioethanol from agricultural waste, by engineering yeast strains to improve fermentation. The project will generate yeast strains that are efficient in fermenting sugars to products in the shortest time possible, so that the process is economically viable on an industrial scale. Expected outcomes include strengthening the collaboration between the University and Ethanol Technologies, providing excellent training to a PhD student and demonstrating the ability to scale-up fermentations for industrial purposes. This project will produce carbon-neutral bioethanol and green chemicals, offering an alternative to fossil fuels, helping to mitigate climate change impacts.","Energy, Environment & Sustainability"
Durability of concrete/mortar made with recycled Port Augusta fly ash,University of South Australia,NIPhD Program - Industry Linked,"$66,240.00",2023,Hallett Group,"This project investigates the durability of concrete/mortar made with recycled Port Augusta fly ash, contributing to Hallett Group's Green Cement Transformation Project and advancing sustainable construction practices. The project offers innovative sustainable construction approaches to address a challenge the recycling industry is currently facing, which aligns with industry and government priorities for carbon reduction. The project will provide insights into recycled fly ash concrete/mortar durability and recommendations for its effective use, supporting sustainable construction practices. The practical benefits of the research will include reduction of carbon emissions, deepening industry-academia collaborations, and promoting sustainable practices in the cement and concrete industry.","Energy, Environment & Sustainability"
Performance Evaluation of Eco-friendly Concrete Produced with Granulated lead smelter slag,University of South Australia,NIPhD Program - Industry Linked,"$66,240.00",2023,Hallett Group,"In partnership with Hallett Group, this project will generate new knowledge about efficient recycling of iron-rich solid waste. This project responds to the global challenge of safe disposal and reuse of lead slag (10–20% of output) due to potential heavy metal leaching and low-use efficiency. The project will develop innovative and cost-effective concrete building materials using lead-zinc slag from Port Pirie smelter to replace cement. Australia, a leading global producer of lead-zinc, will benefit from the availability of more green, economical, and commercially-available methods for producing lead-zinc slag concrete, and new knowledge about efficient recycling and durability performance.","Energy, Environment & Sustainability"
"Development of a Chinese herb-drug interaction database: insight into literature, high-throughput screening, mechanism and applications",Western Sydney University,NIPhD Program - Industry Linked,"$66,240.00",2023,UnityHealth Pty Ltd.,"This project aims to develop an online Evidence-Based Chinese Herb-Drug Database by utilizing laboratory technology and literature reviews. The project expects to generate an advanced digital tool for health care and service in integrative medicine, thereby improving health outcomes and addressing the government’s science and research priorities. Expected outcomes of this project include strengthening existing collaboration between WSU and UnityHealth Pty Ltd. This platform will provide easy access to and reliable information on the integrative use of Chinese herbs, benefiting healthcare professionals, industry, customers, and the public utilising Chinese herbal medicines across Asian Pacific countries.",Health & Medical Technology
Understanding animal disease spread by an insect vector in northern Australia,Charles Darwin University,NIPhD Program - Industry Linked,"$66,240.00",2023,"Department of Industry, Tourism and Trade, Northern Territory Government",The project aims to investigate how exotic animal diseases carried by an insect vector could spread in northern Australia. The project expects to develop new approaches to biosecurity surveillance and early detection of exotic animal disease by utilising innovative genomic methods and epidemiological modelling. This project will provide national benefit and support the livestock industry through advancing disease surveillance for animal biosecurity in northern Australia. The expected outcomes of this project include development of skills and capacity in animal biosecurity diagnostics and surveillance and strengthening existing collaborations between the Northern Territory Government and Charles Darwin University.,Health & Medical Technology
"Prevalence, Prediction and Prevention of spinal pain in rotary wing aircrew",University of Canberra,NIPhD Program - Industry Researcher,"$207,000.00",2023,HMAS Albatross Fleet Air Arm,"This project aims to reduce the prevalence of spinal injuries in Helicopter aircrew by leveraging past research successes in load monitoring for injury prevention. By reducing spinal injuries, this research will have a direct impact on the Defence Force capabilities by, addressing personnel availability, high training costs, and the negative effects of injuries. The project expects to develop effective strategies for preventing spinal pain, leading to increased personnel availability, reduced training costs, and improved deployable forces. This research will enhance the Defence Force's operational readiness, mitigate financial and personal burdens associated with injuries.","Energy, Environment & Sustainability"
Adaptive Optics Imaging as a Novel Clinical Trial Endpoint for Retinal Gene Therapy,The University of Melbourne,NIPhD Program - Industry Researcher,"$207,000.00",2023,"Centre for Eye Research Australia, PYC Therapeutics","This project aims to improve clinical trials for people with inherited retinal diseases by using adaptive optics, a novel imaging technique that monitors disease progression at a cellular level, surpassing previous limitations. Adaptive optics is a new technology that allows accurate evaluation of treatment effectiveness, facilitating faster drug discovery and improved patient care. The project intends to develop new outcome measures to streamline and expedite clinical trials, resulting in better and more cost-effective treatments for patients. Integrating adaptive optics into research advances the understanding of disease progression, leading to targeted therapies and improved clinical care.",Health & Medical Technology
Implementation science approaches to promote ocular gene therapy into medical care,The University of Melbourne,NIPhD Program - Industry Researcher,"$207,000.00",2023,Centre for Eye Research Australia,"This project aims to develop a framework for Australian institutes to deliver ocular gene therapy, encompassing regulatory, organisational, clinician and patient preparedness. This will be achieved by aggregating data, focusing on barriers and enablers to delivering ocular gene therapy. The project will provide an evidence-based model supporting the Australian healthcare system in implementing ocular gene therapy, at the translational interface between research and clinical delivery. Expected outcomes include expanded capacity and capability to deliver ocular gene therapy to patients in Australia. The project will establish a sustainable model for ocular gene therapy, providing sight-saving treatments to Australians at risk of blindness.",Health & Medical Technology
"Biological predictors of clinical, functional, social and cognitive response to clozapine",The University of Melbourne,NIPhD Program - Industry Researcher,"$207,000.00",2023,Orygen,"This project aims to investigate if brain waves can predict who will respond to clozapine, a treatment for people with schizophrenia. Not everyone with schizophrenia needs clozapine or will get better if they take it. This project is expected to help identify who should be given clozapine and is especially relevant to the industry partner (medical care) who provide care for young people with schizophrenia. Show whether brain waves can predict who will have the best response to clozapine. This project will provide valuable information to improve the lives of young people with schizophrenia.",Health & Medical Technology
Artificial intelligence-guided personalized medical and assistive device prescription for improving clinical outcomes and adherence,Charles Sturt University,NIPhD Program - Industry Linked,"$66,240.00",2023,Foot Balance Technology Pty Ltd,"This project aims to address the issue of generic medical and assistive device prescriptions for patients with diabetic-related foot disease by utilising and advancing artificial intelligence to guide personalised device prescriptions, allowing for individual patient preferences and lifestyles. The project expects to develop an innovative tool for the pedorthic industry, assisting clinicians in prescribing personalised medical devices. Expected outcomes include strengthening existing collaborations with the industry partner and the development of the PhD candidate's skills. This solution will enhance practice for the industry partner, enabling them to better address their patients’ needs and ultimately improve patient adherence and clinical outcomes.",Health & Medical Technology
NT rain-fed cotton: predicting yields and saving water,Charles Darwin University,NIPhD Program - Industry Linked,"$71,404.00",2024,"Department of Industry, Tourism and Trade, Northern Territory Government","Australian cotton in the Northern Territory is mainly rain-fed, making it vulnerable to rainfall variations. This project in the Katherine and Douglas-Daly regions uses field data and models to understand water use in rain-fed cotton. Predicting yields under variable rainfall will help strengthen the NT cotton industry and guide water-efficient practices.",Agriculture & Food Technology
Women's engagement and retention in the Northern Territory seafood sector,Charles Darwin University,NIPhD Program - Industry Linked,"$71,404.00",2024,"Fisheries Research and Development Corporation (FRDC), Northern Territory Seafood Council (NTSC), Women in Seafood Australasia (WISA)","This project will investigate ways to enhance the participation and retention of women in the Northern Territory seafood sector, aiming to generate new knowledge and guidance for industry and policy. The research benefits include identification of pathways for an enhanced gender inclusive, robust, and viable sector, with potential national application.",Agriculture & Food Technology
Decision support tool for connecting dSTATCOMs and Battery Energy Storages,Central Queensland University,NIPhD Program - Industry Researcher,"$223,144.00",2024,eleXsys Energy Pty Ltd,This project aims to develop an algorithm to determine the best locations for battery energy storages and other advanced equipment along power lines.  The project aims to ensure that acceptable voltage profiles are maintained when more renewable energy sources are connected to these power lines. Other potential project benefits include improved energy supply to households and industries.,"Energy, Environment & Sustainability"
Forensic analysis of home-made explosives for counter-terrorism and forensic intelligence,Curtin University,NIPhD Program - Industry Researcher,"$223,144.00",2024,ChemCentre,This project will analyse the chemical composition of homemade explosives with the aim of linking these explosives to their sources. This research will improve the ability of law enforcement officers to conduct counter-terrorism investigations and operations.,Mining & Resources
Developing blast vibration prediction models using field delay criteria,Curtin University,NIPhD Program - Industry Researcher,"$223,144.00",2024,Fortescue Metals Group,"The project aims to improve mining blast vibration prediction by analysing field cooperate delay with factors like blast design and geology. This research will assist mining companies in predicting and mitigating ground vibrations and safeguarding heritage sites. It will also enhance predictive models, advancing vibration control knowledge.","Energy, Environment & Sustainability"
Health Promotion Housing,Deakin University,NIPhD Program - Industry Linked,"$71,404.00",2024,Development Solutions Australia,"This project aims to improve the quality of life of people living in social housing through modular and prefabricated construction, prioritising resident adaptability. Expected outcomes include streamlining construction procedures of social housing and enhancing related programs. The project will be dedicated to developing a health-promoting housing prototype in a rural/regional setting.",Health & Medical Technology
Teaching computers to recognise underwater sounds,Flinders University,NIPhD Program - Industry Linked,"$71,404.00",2024,PrioriAnalytica,"This research aims to develop efficient, cost-effective methods for a computer to learn and identify maritime objects from acoustic data.  Implementing these methods could automate cost-effective surveillance of Australian shores. The potential benefits of this research include: significantly improving coastal security, monitoring against maritime threats, and aiding maritime exercises.","Energy, Environment & Sustainability"
Physiology-Based Targeted Therapy: Development of the first Pharmacotherapy for Sleep Apnoea,Flinders University,NIPhD Program - Industry Linked,"$71,404.00",2024,Apnimed Australia Pty Ltd.,Obstructive sleep apnoea (OSA) is a chronic respiratory disorder that affects almost 1 billion people globally. Current device-based treatments are often poorly tolerated or have variable efficiency. This project will use cutting-edge physiology precision medicine approaches to develop the first pharmacotherapy for OSA and identify those most likely to benefit.,Health & Medical Technology
Role of evaporative cooling systems in improving indoor air quality,Flinders University,NIPhD Program - Industry Researcher,"$223,144.00",2024,Seeley International Pty Ltd,This project will investigate the effect of evaporative cooling systems on indoor microbial air quality. The research aims to determine the potential for evaporative cooling systems to reduce the spread of airborne infectious disease. This information will potentially result in improved indoor air quality and reduce the spread of diseases.,Health & Medical Technology
"AI-Enhanced Resilient, Efficient, and Cyber-Secure Power Management System",Griffith University,NIPhD Program - Industry Researcher,"$223,144.00",2024,REDX TECHNOLOGY AUSTRALIA PTY LTD,This project will help create a more sustainable and resilient energy landscape. The potential benefits of this research include: contributing to identifying security vulnerabilities in the smart grid; addressing the inefficiency problem for residential power management; improving battery system longevity and performance; and enhancing power consumption prediction.,"Energy, Environment & Sustainability"
Queensland grouper: bigger and better through selective breeding,James Cook University,NIPhD Program - Industry Researcher,"$223,144.00",2024,The Company One,"Using advanced genotyping technology, this project will undertake the world’s first selective breeding program of the Queensland Grouper. This research will increase Australian farm productivity and profitability, provide opportunity for new aquaculture entrants, and expand Australia’s competitive reach in international markets.",Agriculture & Food Technology
The ecology and conservation of the threatened Large-eared Pied Bat,Macquarie University,NIPhD Program - Industry Linked,"$71,404.00",2024,Thesium Pty Ltd,"This project will combine ecological and genetic approaches to improve understanding of the ecology of one of Australia’s threatened insectivorous bat species, the Large-eared Pied Bat. This project will increase knowledge of the species’ habitat requirements in a changing environment, improving our ability to guide conservation efforts.","Defence, Aerospace, & Security"
Novel cattle feed for reduction of greenhouse gases,Macquarie University,NIPhD Program - Industry Researcher,"$223,144.00",2024,Number 8 Bio,"This project aims to develop feed additives that can reduce greenhouse gas emissions produced by cattle. If successful, this project will create an anti-methanogenic supplement for use on Australian farms. This could significantly reduce the nation’s greenhouse gas emissions and provide economic benefits to agricultural communities.","Energy, Environment & Sustainability"
Increasing commercialisation success in public research organisations: focusing on healthcare,Macquarie University,NIPhD Program - Industry Researcher,"$223,144.00",2024,"Hearing Australia through its research division, National Acoustic Laboratories",This project will develop managerial guidelines on how to increase commercialisation success and R&D investment efficiency. This research will help research organisations translate scientific knowledge into new solutions and develop innovation ecosystems.,Health & Medical Technology
Converting Food Waste into Compostable Stretch Wrap,Monash University,NIPhD Program - Industry Linked,"$71,404.00",2024,GREAT WRAP PTY LTD,"This project aims to transform Australian potato waste into compostable stretch wrap using biopolymers generated by waste-consuming bacteria. Success in this project offers a sustainable solution for the next generation of compostable pallet films, promoting a circular economy, reducing petroleum-based plastics reliance and curbing plastic waste in landfills and oceans.","Energy, Environment & Sustainability"
Green future quest: teamwork for a cleaner world,Monash University,NIPhD Program - Industry Researcher,"$223,144.00",2024,Woodside Energy Group Ltd,"This project is dedicated to finding the most efficient clean energy and anti-pollution technologies. The goal is to assist businesses and governments to make eco-friendly and cost-effective technology choices, thus reducing pollution and saving money.","Energy, Environment & Sustainability"
Electric Vehicle Tariff and Feed-in-tariff Design for Smart Charger Implementation,The Royal Melbourne Institute of Technology (RMIT),NIPhD Program - Industry Linked,"$71,404.00",2024,Smart Lifestyle Australia,This project will develop methodologies to calculate appropriate payment rates for electric vehicle charging in public charging stations. The expected outcome of the project is a set of market-based rules to determine the variable electric vehicle charging rates. This project will benefit both electric vehicle and charging station owners.,"Energy, Environment & Sustainability"
Helping cultural institutions create digital environments reflective of audience neurodiversity,The Royal Melbourne Institute of Technology (RMIT),NIPhD Program - Industry Linked,"$71,404.00",2024,National Museum of Australia,"This project will develop ways for galleries, libraries, archives and museums to make digital content more accessible for people identifying as neurodivergent by developing new guidelines, content environments and a design methods toolkit. Potential benefits include fuller access and greater participation in cultural heritage for people identifying as neurodiverse.","Energy, Environment & Sustainability"
Tailored support for Aboriginal children in out-of-home care,Southern Cross University,NIPhD Program - Industry Researcher,"$223,144.00",2024,Abcare (Coffs Harbour Aboriginal Family Community Care Centre Aboriginal Corporation),"This project will create a psycho-education and support program for Aboriginal children in out-of-home care. It has the potential to increase engagement with support services, contributing to evidence-based policies and practices in child welfare.","Energy, Environment & Sustainability"
Low-cost lenses for thermal imaging,Flinders University,AEA Seed,"$495,624.00",2024,Professor Justin Chalker,"The project aims to make new, lower-cost lenses for use in thermal imaging cameras, security systems, smart phones, and home appliances.","Defence, Aerospace, & Security"
Advanced Silicon Carbide Transistor Prototype for Highly Efficient and Reduced Cost Power Conversion Systems,Griffith University,AEA Seed,"$299,204.00",2024,Dr Daniel Haasmann,"This project aims to develop an advanced Silicon Carbide (SiC) semiconductor switch for use in smaller, lighter, cost-effective and highly efficient renewable energy generation systems such as those used in electric vehicles.","Energy, Environment & Sustainability"
Pitting AI Against Phone Scams – A Proactive Defence,Macquarie University,AEA Seed,"$499,023.00",2024,Professor Dali Kaafar,This project aims to undermine scam callers by developing a technology that will redirect scam calls to conversational AI bots optimised to present as convincing scam victims.,"Energy, Environment & Sustainability"
All-electronic sensing platform for real-time stand-off detection of toxic gases,Monash University,AEA Seed,"$422,886.00",2024,Associate Professor Sudha Mokkapati,"The project will develop prototypes for portable, lightweight, low-cost sensors for real-time detection of toxic gases in hard to reach places. This sensor technology will ensure the safety and efficacy of environmental monitoring undertaken by workers across a range of industries from mining, chemical processing to food safety.","Energy, Environment & Sustainability"
Personalised aerosol therapy: enabling inhaled administration of next generation therapeutics,Monash University,AEA Seed,"$398,325.00",2024,Dr Tuncay Alan,This project will develop a personalised aerosol drug therapy system to enable inhalation of a broader range of biological therapeutics.,Health & Medical Technology
Towards Sustainable Agriculture: Development of a Robotic Harvesting System,Monash University,AEA Seed,"$385,975.00",2024,Dr Hugh Zhou,This project will develop a robotic arm for an apple-harvesting robot that will improve harvest yield and promote Australia's technological competence in the emerging agricultural harvesting robot market.,"Energy, Environment & Sustainability"
Development of recombinant plasminogen fusion proteins for wound healing and diseases associated with fibrin accumulation,Monash University,AEA Seed,"$153,500.00",2024,Associate Professor Ruby Law,"The project aims to develop a blood-clot dissolving protein for chronic conditions that promotes wound healing and limits scarring of tissue. The project aims to apply the protein to assist in cases of stroke, chronic inflammation and fibrosis.",Health & Medical Technology
FeBI – Advancing quantum technology to transform the diagnosis and management of iron disorders,The University of Melbourne,AEA Seed,"$322,990.00",2024,Associate Professor Gawain McColl,This project will develop a new blood test based on quantum sensing that improves diagnostic sensitivity and management of iron related disorders.,Health & Medical Technology
Converged architecture of millimetre-wave wireless communications and edge computing for transformation of advanced manufacturing environments,The University of Melbourne,AEA Seed,"$199,778.00",2024,Dr Chien Aun Chan,"The project aims to uplift Australian manufacturing through digital transformation of plants and factories. The project will improve wireless network connectivity in advanced manufacturing settings improving productivity, cutting waste, and making manufacturing processes more competitive.",Agriculture & Food Technology
Dynamic interface printing as a novel biofabrication technology,The University of Melbourne,AEA Seed,"$199,482.00",2024,Mr Callum Vidler,"This project aims to develop a new biological 3D printing prototype as a potential alternative to the use of animal tissue in patients. The technology would allow medical practitioners to fabricate artificial organ and tissue models using human cells. This project aims to rapidly print tissues within seconds, to develop accurate, cost-effective, and clinically viable treatments.",Health & Medical Technology
Commercialising a Wideband Quantum Microwave Amplifier,The University of New South Wales,AEA Seed,"$249,902.00",2024,Associate Professor Jarryd Pla,"This project seeks to commercialise a quantum-enabled device that boosts the strength of weak communication signals. The ‘quantum amplifier’ can be used in applications where the detection of very weak microwaves is critical, such as in quantum computing, satellite communication, defence and fundamental scientific research.","Energy, Environment & Sustainability"
Miniaturising and up-scaling of robotic tactile sensors with CMOS photonic pixel arrays,The University of New South Wales,AEA Seed,"$418,277.00",2024,Dr David Tsai,This project will aim to improve the usability and capability of agricultural robots that deliver higher yields and less damage to products.,"Defence, Aerospace, & Security"
Pilot-scale manufacture of microfluidic bioreactors for the biotech industry,The University of New South Wales,AEA Seed,"$491,530.00",2024,Dr Robert Nordon,"The biotech industry relies on large-scale fermentation methods to scale-up biopharmaceutical products. However, products that modify patients’ own cells to treat disease are too expensive to manufacture at scale using this method. This project will develop a process, using additive manufacturing techniques, to automate complex cell manufacturing processes at a reduced cost to test and evaluate the feasibility of automation at larger volumes.",Health & Medical Technology
Development of a commercial version of a software model checker,The University of New South Wales,AEA Seed,"$324,940.00",2024,Professor Ron van der Meyden,"The project will develop a new software verification system that identifies and mitigates errors and security concerns in new software. The software has broad applicability across several sectors including defence, computer hardware, avionics, automotive, robotics, autonomous systems and blockchain to provide assurance of digital systems.","Energy, Environment & Sustainability"
Commercialisation of an anticorrosion coating technology for underground mine applications,The University of New South Wales,AEA Seed,"$197,189.00",2024,Dr Honghao Chen,This project aims to develop a new anti-corrosion coating technology for bolts used in mining operations that will improve worker safety and reduce the cost of maintenance and repair.,"Energy, Environment & Sustainability"
Automated Robotic System for Seamless Manufacturing of Polymeric Heart Valve Replacements with Enhanced Longevity and Possibility for Personalisation,The University of Sydney,AEA Seed,"$273,179.00",2024,Dr Sina Naficy,This project aims to advance the development of next generation heart valve replacements with a fully automated robotic manufacturing system. The system will efficiently produce customised valves for each patient and have an extended lifespan of over 25 years.,Health & Medical Technology
A sovereign Autonomous Underwater Vehicle capability,The University of Sydney,AEA Seed,"$499,036.00",2024,Dr Lachlan Toohey,"The project will test an Autonomous Underwater Vehicle (AUV) that can hover above the seafloor to collect better data in difficult conditions. This technology could be used for environmental surveys of offshore infrastructure assessments (such as windfarms), scientific data collection and various defence applications.","Energy, Environment & Sustainability"
"Bulk, through-put enantiomer separation using helical electromagnetic devices for pharmaceutical manufacturing",The University of Western Australia,AEA Seed,"$164,957.00",2024,Dr Jeremy Bourhill,This project will develop a new device to improve the process of separating molecules which is a costly and time-consuming process for pharmaceutical development. Success of this project will reduce drug manufacturing costs.,Health & Medical Technology
Rotation Testing Low-cost Gyroscopes for Autonomous Land Navigation,The Australian National University,AEA Seed,"$199,132.00",2024,Dr Chathura Bandutunga,This project will test a new type of laser-based sensor for use in land navigation technology used in self-driving cars. The project aims to meet the strict safety standards for the automotive industry at a lower price point for consumers.,"Defence, Aerospace, & Security"
A new method for commercial ship route optimisation using real-time ocean intelligence,The University of New South Wales,AEA Seed,"$198,153.00",2024,Associate Professor Shane Keating,"This project aims to commercialise a new digital technology that optimises cargo vessels’ transit time to minimise fuel consumption. The technology will utilise state-of-the-art ocean forecast models, machine learning, and mathematical techniques to compare hundreds of thousands of possible routes in minutes to inform each vessel of a fuel-efficient navigation option.","Energy, Environment & Sustainability"
New Hydrogen Fuel Cell for Aviation Transportation,The University of New South Wales,AEA Seed,"$192,858.00",2024,Dr Quentin Meyer,"This project aims to develop a new fuel cell to power small drones and assist the aviation transport sector in developing clean aircraft that are low-cost, low-weight and high-range.","Energy, Environment & Sustainability"
Developing a Novel High- Efficiency Micro-Electric Vehicle Motor,The University of New South Wales,AEA Seed,"$198,087.00",2024,Dr Matthew Priestley,"The project will develop and validate a prototype Australian e-bike motor that will use 40% less rare-earth material. This project aims to reduce production cost, power consumption, lower audible noise and make e-Bikes lighter and therefore more efficient.","Energy, Environment & Sustainability"
Music Attuned Technology Care via eHealth (MATCH) A music adaptive technology and training program to manage dementia symptoms,The University of Melbourne,AEA Seed,"$200,773.00",2024,Professor Felicity Baker,"Currently more than 55 million people have dementia worldwide, over 60% of whom live in low-and middle-income countries. Every year, there are nearly 10 million new cases. This project aims to create a music system that specifically targets dementia and enhances the overall quality of life for individuals affected by this condition. Additionally, this project recognises the importance of providing training for caregivers, enabling them to effectively utilise the technology and support individuals with dementia, improving the well-being of individuals and their caregivers.",Health & Medical Technology
A novel framework for automated design of personalised implants,The University of Melbourne,AEA Seed,"$224,572.00",2023,Dr Dale Robinson,"Fracture plates for internal fixation of fractures have been used for more than a hundred years.  However, while these plates improve patient outcomes, they are still considered blunt in their application. This project aims to progress novel software called ‘AutoPlate3D’ capable of automating the design and production of personalised fracture plates to better match patients’ specific needs. This software will enhance the efficiency, accuracy and customisation of fracture plate production, allowing for industrial manufacturing in Australia and ultimately improving patient care in the treatment of fractures.",Health & Medical Technology
A novel microfluidic device for ocular tear fluid collection,The University of Melbourne,AEA Seed,"$197,477.00",2023,Dr Sumeer Singh Hari Singh,"Dry eye disease affects around 20% of adult Australians and costs the economy close to $1.2 billion a year in care and treatment. This project aims to develop a tear collector device that is crucial for the functioning of a tear diagnostic platform known as ADMiER, capable of effectively and efficiently diagnosing dry eye disease. Unlike current methods, this device has the potential to transform the field of ophthalmology through non-invasive diagnosis. The device will also provide clinicians with valuable insights into the underlying causes and appropriate treatment strategies, leading to rapid and precise care for patients.",Health & Medical Technology
Enhancing biopharmaceuticals: a disruptive bioseparation resin technology,Griffith University,AEA Seed,"$498,470.00",2023,Professor Bernd Rehm,"This project's goal is to progress groundbreaking resin technology for the large-scale production of complex medicines made from living cells or organisms, known as biopharmaceuticals. This technology will address bioseparation limitations experienced by the biopharmaceutical manufacturing industry. Bioseparation refers to the process of separating and purifying biological molecules, such as proteins, from a complex mixture to produce a high-quality product for therapeutic use. The project involves developing bacterial cell factories that can produce a high-quality resin efficiently and affordably, which will transform the production of blood plasma-medicines.",Health & Medical Technology
Highly efficient and simplified hydrogen compression with metal hydrides,The University of Sydney,AEA Seed,"$199,270.00",2023,Professor Kondo-Francois Aguey-Zinsou,"Hydrogen is a clean fuel of high energy density, however as it is a gas it has a low volumetric density. This project aims to advance the integration of advanced materials, specifically hydrides, into hydrogen compressors to achieve the efficient and maintenance-free storage of hydrogen. This initiative is significant as it addresses the need for more efficient storage solutions, which is a critical component in the broader adoption of the clean energy source. Such novel metal hydride-based compressors will enable a greater deployment of hydrogen to directly refill fuel cell vehicles and on industrial sites to decarbonise the hard to abate sectors including the steel, cement and chemical industry. The successful integration of advanced materials into hydrogen compressors could lead to more cost effective and space efficient storage methods, supporting the transition to net zero.","Energy, Environment & Sustainability"
Development of an intraoral robotic device for enhancing tooth restoration,Griffith University,AEA Seed,"$263,126.00",2023,Professor Dzung Dao,"While automation and robotic assistance are widely adopted in other medical fields, their application in dentistry remains limited. Dentists rely heavily on their eyesight and dexterity to perform complex restorative and aesthetic procedures. This project aims to create small robotic devices for the dental industry, capable of effectively and painlessly removing diseased teeth. The miniature robotic device has the potential to revolutionise the dental industry by offering efficient treatment options and patient comfort.",Health & Medical Technology
The Rectangular Block Dental Implant. Prototype to the Clinic,The University of Melbourne,AEA Seed,"$174,245.00",2023,Associate Professor Roy Judge,"Affordable and effective dental surgery can have long lasting impacts on a range of patient health outcomes. Where preventative measures are not enough, restorative dentistry is necessary to assist patients. This project aims to tackle the challenges associated with placing dental implants (replacements for missing teeth) in patients who are not suitable candidates for conventional implant procedures. By addressing challenges like low bone volume in older patients, the project aims to expand the accessibility and effectiveness of dental implant treatments, particularly for individuals who may have been previously precluded from receiving such implants.",Health & Medical Technology
"A safe, affordable, and durable battery technology for fully decarbonized electric grid",The University of New South Wales,AEA Seed,"$185,978.00",2023,Dr Dipan Kundu,"Aqueous zinc batteries, with their safety, sustainability and cost-effective production, are ideal for large-scale renewable every storage. The aim of this project is to enhance the durability and energy density of aqueous zinc batteries, with the focus on improving the overall performance and stability at harsh temperature conditions. The project benefits, including advanced battery technology development and manufacturing, will foster job creation, skills development, and value add to materials resources, leading to long-term economic growth and prosperity. An affordable, safe and recyclable battery technology for residential, commercial and grid-scale storage could accelerate widespread renewable implementation, supporting Australia's transition to net zero.","Energy, Environment & Sustainability"
An Internet of Things platform for smart farming through new truly simple and affordable soil moisture sensors: A shallow install for deep root crops,The University of Melbourne,AEA Seed,"$199,977.00",2023,Professor Guillermo Narsilio,"This project aims to develop a simple and smart soil monitoring system to support data-driven decision making in agriculture. This monitoring system will de-risk farm operations and encourage more sustainable practices that reduce irrigation and fertiliser use, helping to optimise sowing practices and limit crop losses. This system is designed to be affordable and accurate, capable of measuring soil moisture and temperature to depths of up to 2 meters from 15 centimetres depth installation. These outcomes will support growth in Australia’s agricultural sector with projections indicating $514 million annual savings if the system was adopted by Australia’s 11,000 wheat and barley farms alone. Australia’s $75 billion export economy stands to benefit, and technology export will help global agricultural markets meet the world’s growing need for food.","Energy, Environment & Sustainability"
Bovine Tritrichomonas foetus whole protozoan vaccine proof of concept trial,The University of Queensland,AEA Seed,"$322,596.00",2023,Professor Alicja Tabor,"This project's aim is to validate the effectiveness of an experimental vaccine for bovine trichomoniasis, a venereal disease in cattle. The significance of this project lies in its potential to address the disease's prevalence in northern Australia, where it was found to be more common than previously thought, with one in 10 bulls at northern abattoirs testing positive.  This project is crucial for the cattle industry, as bovine trichomoniasis can lead to infertility or early abortion, impacting cattle health and productivity. Successful demonstration of the vaccine's efficacy could encourage commercial uptake, which would be a significant step forward in managing and controlling the disease.",Health & Medical Technology
Sugar-AI: Smart Sugarcane Health Monitoring and Ratoon Stunting Disease (RSD) Detection with Satellite Remote Sensing and Machine Learning,James Cook University,AEA Seed,"$199,613.00",2023,Associate Professor Mostafa Rahimi Azghadi,"The Sugar-AI project is an ambitious initiative aimed at developing a user-friendly prototype software system to monitor the health of sugarcane crops. It seeks to build upon a proof-of-concept design that has demonstrated the ability to accurately diagnose Ratoon Stunting Disease (RSD) with more than 90% accuracy. The design uses free satellite data to extract vegetation indicators and employs machine learning to identify RSD, which is one of the most significant diseases impacting sugarcane yields, potentially reducing them by up to 60%.",Health & Medical Technology
Driving efficiency and sustainability in livestock production with improved methods for sex selection at conception,University of Tasmania,AEA Seed,"$495,787.00",2023,Dr Laura Parsley,"In Australia around 400,000 male dairy calves are culled every year as breeding wastage, with around 21 million culled globally. This represents an enormous financial and productive capacity loss for the dairy sector. The aim of this project is to optimise and commercialise the discovery of novel sperm sorting. This method could be crucial for the livestock production industry as it drives efficiency and sustainability by improving methods for sex selection at conception. The significance of this project lies in its potential to enhance livestock production by allowing breeders to select the desired sex of the offspring, which can lead to more controlled breeding programs and better herd management.","Energy, Environment & Sustainability"
Rock Bolt Detection and Identification Based on LiDAR Point Cloud,The University of New South Wales,AEA Seed,"$160,000.00",2023,Dr Chengpei Xu,"Australia's economy depends heavily on the continuous operation of safe and efficient mines. In underground mines, rock bolts, as part of the ground support, play a crucial role in stabilising tunnels, and their detection and identification are essential for ground support monitoring. The aim of this project is to develop a deep learning model capable of identifying and geolocating rock bolts from the underground LiDAR point clouds. This model is expected to significantly improve the safety and efficiency of mining operations by providing accurate, real-time data on the structural integrity of mines.","Energy, Environment & Sustainability"
Recycling critical metals and minerals into value added alloys powders: Circular economy approach,Swinburne University of Technology,AEA Seed,"$498,127.00",2023,Professor Christopher Berndt,"This project focuses on the efficient use of critical raw materials by developing new advanced alloys through the metal recycling route. It aims to promote a circular economy in advanced manufacturing by recovering and repurposing high entropy alloys (HEAs) derived from end-of-life waste components or industrial by-products. The bespoke HEAs will be manufactured in powder form, designed based on a deep understanding of the materials, and will be used in applied research and development with the industrial partner. This initiative is expected to add value to the resources sector by enhancing the sustainability and efficiency of metal usage.","Energy, Environment & Sustainability"
Novel Coating Technology for Stealth and Shielding Applications in Defence,Monash University,AEA Seed,"$199,367.00",2023,Dr Muhammad Kashif,"This project aims to improve the technological readiness of a proprietary coating technology based on a novel class of electrically conductive materials that have already been developed. As well as, benchmarking it against existing commercial technologies and make it investment ready to enable its successful future commercialisation and deployment.","Energy, Environment & Sustainability"
Increasing the value of Australian beef with a device that measures meat-eating quality,The University of Adelaide,AEA Seed,"$406,908.00",2023,Professor Robert McLaughlin,"Australia is the world’s 4th largest exporter of beef meat, exporting 70% of its beef. However, average production costs are significantly higher than our competitors and with high production costs, there is a need for Australia to develop sovereign technology to remain competitive. This project aims to provide the Australian beef industry with a new device that offers rapid and reliable measurement quality. This innovation is expected to give the Australian export industry an international advantage and reduce production costs through improved efficiency. It also has the potential to significantly reduce current wastage costs, which are estimated at more than $100 million per year, resulting from producers supplying cattle that do not meet customer requirements.","Energy, Environment & Sustainability"
Private Machine Learning for Smart Energy Technologies,Swinburne University of Technology,NIPhD Program - Industry Linked,"$71,404.00",2024,Commonwealth Scientific and Industrial Research Organization (CSIRO),"This project will explore smart energy technologies, while safeguarding people's privacy and ensuring fairness. The expected outcome is to resolve conflicts between smart energy usage and ethical considerations. This solution will make it both efficient and safe for Australians to utilise smart energy.","Energy, Environment & Sustainability"
Working towards infinite recycling: Engineering enzymes to break down plastics,The Australian National University,NIPhD Program - Industry Linked,"$71,404.00",2024,Samsara Eco,"This project aims to create enzymes that can break down plastic. The expected outcome of this project is to produce more efficient plastic-degrading enzymes. This technology will potentially simplify plastic recycling, benefiting the people and environment of Australia.","Energy, Environment & Sustainability"
Enabling Rapid and High-Precision Digital Drug Design,The Australian National University,NIPhD Program - Industry Linked,"$71,404.00",2024,QDX Technologies,"This project aims to develop high-performance software for faster and more accurate virtual drug design.  The expected outcome of this project is a next-generation digital platform for quicker and more cost-effective drug design. This technology will potentially lead to faster and lower-cost drug development, benefiting both everyday patients and the businesses producing these drugs.",Health & Medical Technology
Incorporating experimental research methods with Indigenous research methodologies,The Australian National University,NIPhD Program - Industry Researcher,"$223,144.00",2024,Aurora Education Foundation,"This project will investigate quasi-experimental research methods across Indigenous policy, utilising the largest ever experimental evaluation in Indigenous education. The case study is a 5-year initiative seeking to understand the factors that contribute to Indigenous success in education. The research will contribute to the robust design of future policies and evaluations.","Energy, Environment & Sustainability"
Does setting a clear purpose ensure success for an organisation?,The Australian National University,NIPhD Program - Industry Researcher,"$223,144.00",2024,Denali Venture Partners,"The aim of this project is to investigate whether setting a clear organisational purpose impacts performance. The expected outcomes are frameworks for improving performance, which will benefit organisations that are seeking to drive both purpose and performance outcomes while increasing brand, employer, and share value.","Digital Technology, AI, & Data Science"
Polysaccharide-based double-grid structure pore-size-adjustable material’s preparation & its applications.,The University of Adelaide,NIPhD Program - Industry Linked,"$71,404.00",2024,Holocyte Pty Ltd,"Purification is a main driver of costs in many industries. This project will research low-cost polysaccharide-based membranes and their use in protein, industrial gas and mineral purification. This project will develop new, cheaper, and better purification membranes that can be sold to the international market.","Energy, Environment & Sustainability"
Intelligent sensing for a distributed radar network,The University of Melbourne,NIPhD Program - Industry Linked,"$71,404.00",2024,Lockheed Martin Australia / STELaRLab,This project will develop intelligent detection and tracking algorithms for a distributed radar network by sharing information among multiple radar sensors and applying non-centralised signal processing techniques. This research will directly benefit national security organisations as they consider how to best survey the Australian coastline.,"Energy, Environment & Sustainability"
Sound processing strategies to improve hearing with cochlear implants,The University of Melbourne,NIPhD Program - Industry Linked,"$71,404.00",2024,Cochlear Limited,"This project will develop methods of sound processing to improve hearing for Cochlear implant users. The research is expected to show that these methods improve the fidelity of Cochlear implants.  This could benefit Cochlear implants users in difficult listening situations, allowing clearer and easier communication.",Health & Medical Technology
Advanced “through-the-earth” communication,The University of Queensland,NIPhD Program - Industry Linked,"$71,404.00",2024,"Orica, Research & Innovation Division","This project will develop magnetic field sensing technologies (‘magnetometers’) to detect low frequency communication signals. Sensitive to exquisitely weak signals, these magnetometers will enable communication through the earth over longer distances using less energy than existing technology, with applications in mining, geoscience and defence.","Energy, Environment & Sustainability"
Harnessing fungal proteins to make better bone implants,The University of Sydney,NIPhD Program - Industry Linked,"$71,404.00",2024,Chris O’Brien Lifehouse (COBLH),"This project will investigate the use of modified fungal spore proteins to coat bone implants. The coating will be applied on 3D-printed bone implants to improve integration with human bones while preventing bacterial growth. This technology aims to shorten healing times and reduce implant failure, improving patient outcomes.",Health & Medical Technology
Reduction of methane greenhouse gas emissions by catalytic oxidation,University of Newcastle,NIPhD Program - Industry Linked,"$71,404.00",2024,"Australian Coal Association Research Projects (ACARP), Howden Australia",This project will assist in the development of a system to reduce methane emissions within the mining and energy sectors. The proposed technology has the potential to significantly reduce greenhouse gas emissions with much lower energy requirements than current technologies.,"Energy, Environment & Sustainability"
Improvement of Hemp Meal Quality and Its Application in Food,University of Newcastle,NIPhD Program - Industry Researcher,"$223,144.00",2024,Ananda Food Pty Ltd,"This project investigates advanced techniques to enhance the quality of hemp meal for broader food applications. The project aims to develop hemp meal with improved colour, higher protein content, and increased soluble dietary fibre, enabling its broader use in food. Consequently, this benefits the hemp industry, creates employment opportunities, and fosters economic growth.","Energy, Environment & Sustainability"
Ethical AI for Enhanced Health Insurance Risk Assessment and Decision-Making,University of Newcastle,NIPhD Program - Industry Researcher,"$223,144.00",2024,Nib Health Funds,This project aims to develop responsible and trustworthy AI practices for the health insurance industry. The expected outcomes of this project include practical and actionable solutions that can be readily implemented. The project will help to enhance insurance services and increase customer satisfaction.,Health & Medical Technology
Repatriation of Aboriginal ancestral remains: South Australian Museum and beyond,University of South Australia,NIPhD Program - Industry Researcher,"$223,144.00",2024,South Australian Museum,"This project will analyse the South Australian Museum’s Aboriginal ancestral remains repatriation program to develop models of culturally appropriate consultation, engagement, empowerment, co-design, and elevation of Aboriginal cultural authority. It will enable cultural institutions and other organisations to develop more equitable repatriation policies and practices that support reconciliation and healing.","Energy, Environment & Sustainability"
Investigation on the use of value-added pond ash as a construction material,The University of Southern Queensland,NIPhD Program - Industry Researcher,"$234,920.00",2023,BG&E Pty Ltd,"This project is focused on developing a low-carbon concrete using pond ash, a by-product found in coal ash repositories. By developing a material passport for pond ash, this project will potentially enable using the existing 400 million tonnes of pond ash reserve in Australia.","Energy, Environment & Sustainability"
Benchmarking farming decisions in livestock production to improve business resilience and environmental sustainability.,University of Technology Sydney,NIPhD Program - Industry Researcher,"$223,144.00",2024,AgriWebb,This project will enable farmers to improve their resilience to climate extremes. It will provide custom recommendations for sustainability and productivity gains derived from historical and regional benchmarking. These recommendations will deliver enhanced decision support for sustainable interventions and livestock management for Australian farmers.,"Energy, Environment & Sustainability"
Artificial intelligence empowered warehouse robots for human-like object handling,University of Technology Sydney,NIPhD Program - Industry Researcher,"$223,144.00",2024,Dematic Pty Ltd,"A project that is developing artificial intelligence for warehouse robots to learn human-like object handling. The expected outcome is the widespread adoption of robots into warehouse processes, such as grocery packing and fabric folding. This technology will result in faster deliveries, better labour conditions, and a more efficient supply chain.","Energy, Environment & Sustainability"
Leveraging machine learning to predict livestock weight for Australian producers,University of Technology Sydney,NIPhD Program - Industry Researcher,"$223,144.00",2024,Agriwebb,"This project seeks to use machine learning to predict livestock growth. The project will deliver a computer tool that predicts when to sell livestock animals, and will ensure animals are ready for market at the right time. This technology could potentially result in increased profits for farmers by optimising resource use.","Energy, Environment & Sustainability"
Improving farm productivity and sustainability planning through accurate livestock history,University of Technology Sydney,NIPhD Program - Industry Researcher,"$223,144.00",2024,Agriwebb,"This project aims to develop an algorithm that will provide farmers with a holistic and detailed perspective of their livestock, enhancing traceability, productivity, and decision-making capabilities. This will help livestock producers to effectively manage their group-oriented and individual animals. The project will set a precedent in smart farming and fostering data-driven approaches in agriculture.","Energy, Environment & Sustainability"
Circular economy approaches for delivering 21st-century sustainable buildings,University of Wollongong,NIPhD Program - Industry Linked,"$71,404.00",2024,"Cox Architecture Pty Ltd, REGIONAL CIRCULARITY CO-OPERATIVE LIMITED","This study will establish definitive guidelines for delivering the most sustainable buildings in Australia, improving our understanding of how to create “living buildings”.","Energy, Environment & Sustainability"
Collaborating with traditional owners to conserve a newly-discovered Australian mammal,Charles Darwin University,NIPhD Program - Industry Researcher,"$223,144.00",2024,Australian Wildlife Conservancy (AWC),"Traditional owners and the Australian Wildlife Conservancy have discovered a mammal species that was previously unknown to Australian scientists. This project provides the rare opportunity for traditional owners to collaboratively develop conservation plans for this species from the get-go, implementing a unique approach to Australia's biodiversity management.","Energy, Environment & Sustainability"
Improving fruit yield with unmanned ground vehicle and imaging technology,Central Queensland University,NIPhD Program - Industry Linked,"$71,404.00",2024,Freelance Robotics,"Orchard growers are increasingly adopting robotics and artificial intelligence in crop management to increase harvest yields. This project aims to integrate unmanned ground vehicle (UGV) technology into orchard imaging and harvesting technologies, allowing growers to improve resource allocation as well as enhance crop yield and quality.",Agriculture & Food Technology
Large-scale carbon capture and storage in a gas field,Curtin University,NIPhD Program - Industry Researcher,"$223,144.00",2024,OPES International Pty Ltd,"This project will develop a financially viable model for carbon dioxide capture and storage at the Wheatstone gas field in the Pilbara, helping achieve net-zero emissions targets and generating revenue through carbon credit markets.","Energy, Environment & Sustainability"
Detecting prostate and breast cancer circulating DNA to support treatment,Flinders University,NIPhD Program - Industry Researcher,"$223,144.00",2024,GNOMIX PTY LTD,"When cancer cells break down, they release DNA into the bloodstream known as circulating tumour DNA (ctDNA). This project will develop new laboratory tests to identify ctDNA in prostate and breast cancer cases, developing non-invasive tools for detecting and monitoring tumours, guiding treatment decisions and evaluating treatment responses.",Health & Medical Technology
Increasing greenlip abalone yields in summer,Flinders University,NIPhD Program - Industry Researcher,"$223,144.00",2024,Yumbah Aquaculture,"The abalone industry in Australia is valued at more than $220m. In summer, however, more than half of greenlip abalone stocks can die due to the warmer water. This project will explore cost-effective ways to reduce abalone's 'summer mortality', helping the industry better adapt to the effects of climate change.","Energy, Environment & Sustainability"
Privacy-Preserving Authentication for Distributed Energy Storage Systems,Griffith University,NIPhD Program - Industry Linked,"$71,404.00",2024,REDX TECHNOLOGY AUSTRALIA PTY LTD,"Distributed energy resources (DER) systems, such as solar and energy storage systems, are key to the Australian Government’s Renewables and Low-emission Technologies priority. This project aims to develop new authentication protocols to increase the security and privacy of communication among DER systems by preventing impersonation attacks and sensitive information leakage.","Energy, Environment & Sustainability"
Reducing methane emissions from dairy cows,La Trobe University,NIPhD Program - Industry Researcher,"$223,144.00",2024,"Agriculture Victoria Research – Department of Energy, Environment and Climate Action, The Product Marker","Changing cows' diets has the potential to reduce greenhouse gas emissions as well as increase the efficiency and productivity of Australia's dairy industry. This project explores whether cows that graze on many types of grass and eat foods rich in gut-supporting bacteria produce less methane, as well as help improve soil health, nutrient cycling and animal performance.",Health & Medical Technology
A statistical framework for assessing Australian Football Player development,La Trobe University,NIPhD Program - Industry Linked,"$71,404.00",2024,Essendon Football Club,Assessing Australian Football players’ performance across different competition levels is extremely challenging. This project will develop a standardised evaluation and measurement tool that football clubs can use to assess players current performance and potential trajectory.,"Energy, Environment & Sustainability"
A novel approach to tackling Queensland fruit fly,La Trobe University,NIPhD Program - Industry Linked,"$71,404.00",2024,Agriculture Research Victoria,The Queensland fruit fly is a major insect pest that costs the horticulture industry $300 million annually. This project aims to determine how this insect detects plant odours to find the crop plants on which it lays eggs. The outcomes will support the development of new approaches to disrupt its ability to find these crops and thus aid the management of fruit fly and other significant insect pests.,"Energy, Environment & Sustainability"
Using Australia's unique micro-organisms to discover new medicines,Macquarie University,NIPhD Program - Industry Researcher,"$223,144.00",2024,Microbial Screening Technologies,"Australia’s diverse terrestrial and marine environments are home to many unique microorganisms. These microbes can produce a range of different chemical compounds with important applications in medicine, including new antibiotics and anticancer drugs. This project will take advantage of recent developments in synthetic biology and chemistry to develop a platform for large-scale production of these valuable molecules here in Australia, fuelling global drug discovery pipelines and stimulating innovative Australian research.",Health & Medical Technology
Turning carbon dioxide into valuable acids,Monash University,NIPhD Program - Industry Linked,"$71,404.00",2024,BASF Australia Ltd,"This project aims to scale a system that converts carbon dioxide into valuable chemicals like acetic and formic acid, making it a commercially viable way to reduce CO2 emissions and mitigate climate change.","Energy, Environment & Sustainability"
Improving the safety of self-driving vehicles in Australia,Queensland University of Technology,NIPhD Program - Industry Linked,"$71,404.00",2024,Seeing Machines Pty Ltd.,"Before Australians are ready to see more automated vehicles (AVs) on our roads, we need to better understand how these vehicles interact with humans, especially in potentially life-threatening and dangerous circumstances. This project aims to design and evaluate novel human-machine interface systems to improve situation awareness and drivers’ abilities to take over control of AVs when necessary.","Energy, Environment & Sustainability"
Greening the aviation industry: novel approaches to hydrogen fuel-cell technology,Queensland University of Technology,NIPhD Program - Industry Linked,"$71,404.00",2024,Stralis Aircraft Pty Ltd,"The aviation industry produces approximately one billion tons of CO2 every year. This project will explore how to effectively cool hydrogen fuel-cell technologies so that they can be designed to meet aircraft safety requirements, bringing us closer to achieving clean air travel in Australia and beyond.","Energy, Environment & Sustainability"
Beyond the commute: Reimagining Australian CBD travel in a post-pandemic world,Queensland University of Technology,NIPhD Program - Industry Researcher,"$223,144.00",2024,Hartecs Group Pty Ltd,"The Covid 19 pandemic significantly disrupted public transport and increased remote working. This project will investigate the sustained changes in Australian CBD commuter travel patterns post Covid-19 and new ways of working, providing evidence-based recommendations for better planning, policy, investment and management of transport and land use infrastructure.","Energy, Environment & Sustainability"
Leveraging AI and smart bed technology to improve patient mobility,Queensland University of Technology,NIPhD Program - Industry Linked,"$71,404.00",2024,Stryker,"Patient immobility can lead to hospital-acquired pressure injuries, costing Australia $5.5 billion annually. This project will use smart beds with pressure sensors and machine learning methods to improve patient mobility, improving patient care, quality of life, and reducing in health care costs",Health & Medical Technology
Creating healthier food products for older Australians,Queensland University of Technology,NIPhD Program - Industry Linked,"$71,404.00",2024,Sanitarium Health Food Company,Nutritional requirement of people who are getting older are different from those of younger people. New national dietary guidelines for Australia are being developed. They will include specific advice for older adults. This project will focus on food product formulation to support muscle function and health in older Australians.,Health & Medical Technology
Improving the safety of automated vehicles in regional Australia by reducing fatigue,Queensland University of Technology,NIPhD Program - Industry Linked,"$71,404.00",2024,Seeing Machines Pty Ltd.,"With more automated vehicles used in regional Australia, especially for commercial transport, this project aims to design a naturalistic conversational agent to reduce passive fatigue and driver error as well as increase driver performance. This project will improve road safety and boost the Australia’s freight capacity.",Mining & Resources
A dynamic seatbelt for all scenarios,The Royal Melbourne Institute of Technology (RMIT),NIPhD Program - Industry Linked,"$71,404.00",2024,APV Engineering and Testing Services Pty Ltd,"Developing a dynamic seatbelt retractor system, that enables a wide range of pre-tensions for various crash scenarios.","Energy, Environment & Sustainability"
Bus Safety and Crash Dynamics Simulation,The Royal Melbourne Institute of Technology (RMIT),NIPhD Program - Industry Linked,"$71,404.00",2024,APV Corporation Pty Ltd,Enhancing Bus Safety and Occupant Survival Strategies to mitigate the impact of crashes on occupants via advanced simulation techniques with a focus on the Bus Structure; Seat Integrity and Child Restraint Systems for School Buses.,"Digital Technology, AI, & Data Science"
Real-time remote patient monitoring to support older Australians,The Royal Melbourne Institute of Technology (RMIT),NIPhD Program - Industry Linked,"$71,404.00",2024,KYPERX PTY LIMITED,"Many elderly Australians in regional and remote areas experience challenges when accessing health care and support. This project will use artificial intelligence and smart Internet-of-Thing (IoT) devices to develop a  real-time Remote Patient Monitoring (RPM) system, allowing healthcare workers to monitor patients remotely and predict health emergencies, reducing the cost of providing this care.",Health & Medical Technology
Improved stab-resistant personal protective equipment,The University of Adelaide,NIPhD Program - Industry Researcher,"$223,144.00",2024,Armor Australia Pty Ltd (Head Office),"Personal Protective Equipment (PPE) is essential for protecting military, police, and correctional offers from serious injuries caused by knife and spiked weapon attacks. This project will develop a new method for standardising stab-resistant PPE testing, giving Australian manufacturers more confidence in the effectiveness of their products and making this PPE safer for its users.","Energy, Environment & Sustainability"
Employing virtual reality to tackle clinical depression,The University of Adelaide,NIPhD Program - Industry Linked,"$71,404.00",2024,Brain Vector Pty Ltd,"This project will explore how personalised virtual reality (VR) experiences can stimulate positive emotions, providing a non-pharmaceutical method for treating people diagnosed with clinical depression.",Health & Medical Technology
New ways to choose health eggs to Improve IVF success rates,The University of Adelaide,NIPhD Program - Industry Linked,"$71,404.00",2024,Repromed,"Invitro Fertilisation (IVF) treatment aids nearly 1 in 20 births in Australia, however the success rate remains very low. This project will help IVF clinics develop ways to screen the fluid in women’s ovaries to select healthier eggs for better embryo transfer to improve pregnancy success rates.",Health & Medical Technology
An investigation into the volatile constituents of Australian native plants to understand their chemical and sensory contributions to gin.,The University of Melbourne,NIPhD Program - Industry Linked,"$71,404.00",2024,"Poison Creek Distilling, T/A Brogan’s Way Distillery Pty/Ltd","In collaboration with First Nation businesses and distilleries, this project will identify Australian native botanicals as an alternative and indigenous source for gin and vodka, offering opportunities for Indigenous businesses. The project will help First Nations communities to retain intellectual property and ensure the culturally appropriate use of these botanicals.",Agriculture & Food Technology
Preventing and managing diseases in walnut trees,The University of Queensland,NIPhD Program - Industry Researcher,"$223,144.00",2024,Stahmann Webster,"Walnut disease costs the Australian walnut industry more than $10m annually. This project will improve our understanding of what causes these diseases, how they develop and how they are spread so they can be more effectively prevented and managed.",Health & Medical Technology
Understanding fungi's role in soil health and agricultural production,The University of Queensland,NIPhD Program - Industry Researcher,"$223,144.00",2024,Loam Bio,"This project will study how beneficial fungi boost soil organic carbon. By tracing carbon through soil-plant-fungi networks, the research will uncover how these fungi enhance soil carbon storage capabilities. The goal is to develop better farming practices that improve soil quality, increase crop growth, and help mitigate climate change, benefiting the wider Australian community.",Health & Medical Technology
"3D printing tailored, stronger bone implants",The University of Sydney,NIPhD Program - Industry Linked,"$71,404.00",2024,Chris O'Brien Lifehouse,This project will design and 3D print new types of bone implants to address the functional and aesthetic limitations of conventional bone grafting and titanium implants in bone reconstruction surgery.,Health & Medical Technology
Creating new seaweed fertilisers to sustainably improve soil fertility,The University of Western Australia,NIPhD Program - Industry Researcher,"$223,144.00",2024,Canopy Blue Pty Ltd,The market for fertilisers made from seaweed is expected to grow to almost $4bn by 2025. This project focuses on developing new seaweed fertilisers to improve soil fertility particularly in arid lands in regional Australia. These cultivation businesses will be partially owned and operated by local traditional owners.,"Energy, Environment & Sustainability"
Creating a competency framework for NDIS case management providers,The University of Western Australia,NIPhD Program - Industry Researcher,"$223,144.00",2024,APM,"This project will develop and evaluate a competency framework and curriculum for NDIS case management providers. This framework will ensure that providers have the necessary knowledge, skills and attitudes to successfully deliver social and economic outcomes for NDIS recipients.","Energy, Environment & Sustainability"
Community-based approaches to dementia care,University of Canberra,NIPhD Program - Industry Researcher,"$223,144.00",2024,Community Home Australia,"Community Home Australia's unique model of person-centred, relational and community-based dementia care service will be evaluated in this project to identify ways it could be implemented in other locations.",Health & Medical Technology
Assessing the environmental impact of the production and use of natural fibres,University of New England,NIPhD Program - Industry Researcher,"$223,144.00",2024,Integrity Ag,This project will help brands and consumers better understand the environmental impact of products made with natural fibres. It will allow for more accurate product labelling and comparisons between textile products so local producers are not unfairly disadvantaged by environmental regulatory requirements or consumer preferences.,Mining & Resources
Using AI to improve the safety of CT injection machines,The University of New South Wales,NIPhD Program - Industry Researcher,"$223,144.00",2024,Imaxeon Pty Ltd (A radiology business of Bayer),This project will develop a way to use AI to predict when a CT-scan machine needs its injection system fixed. This project will help protect patient safety and improve medical image reliability.,Health & Medical Technology
Making Insurance Affordable: Risk Prevention via AI and Real-world Tests,The University of New South Wales,NIPhD Program - Industry Researcher,"$223,144.00",2024,Cover-More,This project will apply generative AI and real-world tests to help Australian travellers access more personalised services and affordable travel insurance. It is anticipated that this framework could be applied to reduce costs of other types of insurance.,"Energy, Environment & Sustainability"
Improving patient outcomes system: An Australian heart failure dashboard and registry,The University of New South Wales,NIPhD Program - Industry Linked,"$71,404.00",2024,Eastern Heart Clinic,"Heart failure accounts for 1 in 50 deaths in Australia. This project will develop a heart failure dashboard and clinical quality registry to aid medical professionals in treatment decisions, improving patient outcomes and health care efficiency.",Health & Medical Technology
Finding greener ways to design and build aircraft,The University of New South Wales,NIPhD Program - Industry Linked,"$71,404.00",2024,Boeing Aerostructures Australia,"This project will explore how to use more sustainable materials in aircraft design and construction, helping meet Australia’s net zero carbon emissions targets.","Energy, Environment & Sustainability"
Creating 'green cement' from mining waste,University of South Australia,NIPhD Program - Industry Researcher,"$223,144.00",2024,Hallet Group,"This project will investigate the potential use of slurried coal fly ash, a common waste product at mine sites in Port Augusta, as 'green cement'. This project will help reduce carbon emissions as well as help make the Australian cement and concrete industry more sustainable.","Energy, Environment & Sustainability"
Improving the sustainability of Tasmanian Atlantic salmon fish stocks,University of Tasmania,NIPhD Program - Industry Researcher,"$223,144.00",2024,Salmon Enterprises of Tasmania Pty Limited (SALTAS),"This project will improve the resilience of Australia's Atlantic salmon industry to the effects of climate change. This research will develop better breeding methods to increase salmon growth rates, disease resistance and survival in warming ocean waters.",Health & Medical Technology
Improving building design and construction using engineered wood products,University of Tasmania,NIPhD Program - Industry Researcher,"$223,144.00",2024,FH Management Pty Ltd Trading as Valley Workshop,"This project will explore using engineered wood from lower grade, sustainable forests for constructing buildings, rather than high quality, solid wood. Using engineered wood has the potential to reduce construction costs, carbon emissions and energy consumption as well as improving building airflow, heating and cooling.","Energy, Environment & Sustainability"
Increasing construction stability on the soft soils of Australia's coast,University of Technology Sydney,NIPhD Program - Industry Researcher,"$223,144.00",2024,Menard Oceania Pty Ltd,Ensuring construction stability is difficult in the very soft ground found in most of Australia's coastal regions. This project will use machine learning to improve soil vacuum suction methods as a way to speed up soil consolidation and increase soil stability for longer.,Agriculture & Food Technology
Designing better for dementia care,University of Technology Sydney,NIPhD Program - Industry Researcher,"$223,144.00",2024,Icon Advertising Trading As Psychological Design,"This project will redesign Sydney's Cardinal Stepinac Village, an aged care facility for Australia's Croation community. The redesign will better support the needs of its residents, many of whom have dementia, as well as honour the original vision of the centre as a community hub with a European village atmosphere.",Health & Medical Technology
Using autonomous power plant control systems on Australian naval vessels,University of Technology Sydney,NIPhD Program - Industry Researcher,"$223,144.00",2024,Navantia Australia Pty Ltd.,"This project will explore the ways in which the Australian Navy can use unmanned power plant control systems and renewable energy sources on their vessels, increasing these vessels' performance and efficiency.","Energy, Environment & Sustainability"
Using brain mapping and gene mutations to identify people with autism and ADHD,University of the Sunshine Coast,NIPhD Program - Industry Researcher,"$223,144.00",2024,TMS IP Pty,"This project will explore the apparent connection between the unique brain wave patterns of people with autism and ADHD, and specific gene mutations. It will contribute to developing new, non-pharmaceutical ways to diagnose and address these conditions.",Health & Medical Technology
Responding to antimicrobial resistance: Learning from the COVID-19 Pandemic,University of Wollongong,NIPhD Program - Industry Linked,"$71,404.00",2024,Southern IML Pathology,"Antimicrobial resistance (AMR) is a global threat, killing over 4.95 million people each year. This project will compare resistance patterns before and after the COVID-19 pandemic to improve understanding of AMR dynamics and ideal surveillance methods.",Health & Medical Technology
Manufacturing 'self-healing' ceramics at scale,University of Wollongong,NIPhD Program - Industry Researcher,"$223,144.00",2024,Gravitas Technologies,"'Self-healing' ceramics can be easily shaped and often repair themselves. They are used in aircraft, engines, nuclear reactors, power plants and batteries but are difficult to manufacture at scale. This project will develop a way to make these revolutionary products in large quantities.","Energy, Environment & Sustainability"
Ending exploitation and modern slavery in the construction industry,University of Wollongong,NIPhD Program - Industry Researcher,"$223,144.00",2024,Edge Impact,"This project will design a framework for holding construction companies to account for worker exploitation and slavery practices. To ensure it is a workable industry model, the framework will be based on the lived experiences of construction workers who have experienced exploitative, unsafe and unlawful conditions.",Advanced Manufacturing & Materials
Developing more accurate and efficient ways to increase concrete strength and durability,Victoria University,NIPhD Program - Industry Researcher,"$223,144.00",2024,"North-Vic Constructions Pty Ltd, trading as NVC Precast","This project will use machine learning to predict the best heat and humidity conditions needed for creating precast concrete, a common construction industry product, helping reduce energy waste, gas consumption and CO2 emissions.","Energy, Environment & Sustainability"
Digitally-enabled quality measurement in Australian healthcare,Western Sydney University,NIPhD Program - Industry Researcher,"$223,144.00",2024,"South Western Sydney Primary Health Network, WentWest (Western Sydney Primary Health Network), Western NSW Primary Health Network","This project will translate a series of established indicators and measures for delivering holistic healthcare into a digital platform that GPs, other primary healthcare providers and patients can use. The platform will help improve data collection, funding models and patient outcomes.",Health & Medical Technology
Maintaining children’s cultural connection in out-of-home care,Western Sydney University,NIPhD Program - Industry Linked,"$71,404.00",2024,"OzChild, Children Australia","Children in the out-of-home care system are amongst the most marginalised in Australia. For many, disconnection from family means disconnection from culture, including languages, rituals and beliefs. This project will improve the out-of-home care system’s ability to preserve and maintain this cultural connection, which is critically important in developing resilience and positive outcomes for children.","Energy, Environment & Sustainability"
Leveraging Artificial Intelligence and Camera-Based Markerless Motion Capture for Enhanced Athletic Performance and Injury Prevention,Australian Catholic University,NIPhD Program - Industry Linked,"$74,328.00",2025,VueMotion Operations Pty Ltd,"We will validate and enhance the use of artificial intelligence and two-dimensional motion capture for assessing human movement to provide a rapid, cost-effective method to enhance performance and minimise injury risk which will improve Australia’s health and wellbeing.",Health & Medical Technology
“RetainAble”: Improving the retention and progression of employees with disabilities in small and medium-sized organisations in Australia,Australian Catholic University,NIPhD Program - Industry Linked,"$74,328.00",2025,Asuria,"By examining the diverse perspectives of  employees with disabilities in small and medium-sized businesses, this project will address the challenge of retaining the talent of employees with disabilities in the Australian workforce to improve their retention and progression.",Mining & Resources
A Predictive Model for Thermal Control in Precast T-Beam Concrete Utilizing Green Concrete and Achieve Early Stripping Strength,Charles Darwin University,NIPhD Program - Industry Researcher,"$232,288.00",2025,ALL cast NT,"This collaboration will evaluate core temperature in concrete T girder end blocks and develop a green concrete mix to lower temperatures and optimise early strength. The project outcome will enhance concrete durability, improve production efficiency, and reduce carbon emissions in precast beam manufacturing.","Energy, Environment & Sustainability"
Enhancing Human-Machine Teaming in Defence through Artificial Intelligence-Driven Collaboration,Charles Sturt University,NIPhD Program - Industry Linked,"$74,328.00",2025,Hilmax Solutions Pty Ltd,"By leveraging AI-driven collaboration frameworks, we will revolutionise the interaction between human operators and autonomous systems in defence and enhance decision-making, situational awareness, and operational efficiency and support Australia's goal of becoming a global leader in technology and defence.","Energy, Environment & Sustainability"
Physics-informed Deep Reinforcement learning towards Sustainable Mineral Process Modelling and Optimization,Deakin University,NIPhD Program - Industry Researcher,"$232,288.00",2025,Molycop,"This collaboration will develop an innovative, physics-informed deep reinforcement learning framework for modelling and optimising mineral processing. By integrating domain-specific physical principles, this framework enables accurate data-driven dynamical modelling and intelligent decision-making. It will support the mining industry’s digital transition, enhance productivity, energy efficiency, and sustainability, while reducing Australia’s emissions and strengthening global competitiveness.","Energy, Environment & Sustainability"
Stakeholders’ perspectives of strategies to embed a culturally tailored iSupport model for carers of people with dementia in community aged care services,Flinders University,NIPhD Program - Industry Linked,"$74,328.00",2025,Murray Mallee Aged Care Group,Carers from culturally and linguistically diverse (CALD) groups experience structural discrimination in the social care system where high-quality dementia skill training and support programs in their preferred language and culture are not available or accessible. We will explore stakeholders’ perspectives of strategies to embed a culturally tailored iSupport model of care in routine ethno-specific aged care services.,Health & Medical Technology
Improving care of people in mental health crisis: Co-design of an educational program to support mental health professionals' capacity to manage without police response,Western Sydney University,NIPhD Program - Industry Researcher,"$232,288.00",2025,Mental Health Commission of New South Wales,"This collaboration will critically examine the factors leading mental health professionals to call police during crises and develop innovative solutions to reduce these responses. By building capacity in the mental health workforce, the project will lower the risk of critical incidents, enhance community safety, and alleviate pressure on police services.",Health & Medical Technology
Optimising prenatal folic acid supplementation to reduce postnatal depression: an evidence-based precision approach to nutrient supplementation during pregnancy,Flinders University,NIPhD Program - Industry Linked,"$74,328.00",2025,Factors Group Australia Pty Ltd,"Postnatal depression affects over 60,000 Australian women and their children each year. We will determine if women randomised to prenatal supplements with or without Folic Acid (FA) after the first trimester alters their risk of developing postnatal depression and whether their genetic profile moderates the effect of FA on depression.",Health & Medical Technology
Creating a triple bottom line evaluation framework to support health decision makers transition appropriate services to virtual delivery models,Flinders University,NIPhD Program - Industry Researcher,"$232,288.00",2025,Healthdirect Australia,"This collaboration will develop a framework to assess the economic, social, and environmental impacts of virtual health services to support better decision-making in health systems, enabling clinically appropriate transition to low-carbon care delivery models.",Health & Medical Technology
Design and develop a secure Digital Employment Medical Passport (DEMP),University of Wollongong,NIPhD Program - Industry Researcher,"$232,288.00",2025,Sample Assist,"This research will develop a Digital Employment Medical Passport to enhance the efficiency, security, and accessibility of occupational medical assessments. This will significantly reduce costs and improve productivity for employers while providing substantial economic benefits to employees and enhance overall workforce mobility and safety.",Health & Medical Technology
Improving coastal management in NSW using the sediment compartment approach,University of Wollongong,NIPhD Program - Industry Linked,"$74,328.00",2025,"NSW Department of Climate Change, Energy, the Environment and Water Biodiversity, Conservation and Science Group","This collaboration will develop a novel approach to predict the volume, movement, and distribution of sediment along the NSW coast due to sea-level rise, extreme storms and coastal erosion. The approach will help governments manage these significant hazards through reliable Coastal Management Programs that inform coastal actions and decisions.","Energy, Environment & Sustainability"
"What is the association between health literacy and the experience of injury and illness in professional rugby league, and can it be changed?",Griffith University,NIPhD Program - Industry Researcher,"$232,288.00",2025,Titans Rugby League PTY LTD,"This collaboration will investigate how health literacy in professional rugby league players relates to their experience of injury and illness. Enhancing players’ health literacy will improve their well-being, inform health decisions, and boost both individual and team performance.",Health & Medical Technology
Diminishing the carbon emissions of mines: Green manufacturing of high performance thin bimetals for lightweight mining equipment,University of Wollongong,NIPhD Program - Industry Linked,"$74,328.00",2025,Azure Mining Technology Pty Ltd,"This collaboration is the first to use water-based nanolubricants in the manufacturing of thin bimetals for lightweight mining equipment in Australia. The resulting bimetals will protect the environment while enhancing the durability and reducing the weight of these materials, decreasing operating costs and limiting the physical strain imposed on operators.","Energy, Environment & Sustainability"
Using ocean observations from fishing vessels in the Australian tuna longline fishery to elucidate the catchability of commercially valuable fish under climate change,University of the Sunshine Coast,NIPhD Program - Industry Linked,"$74,328.00",2025,Tuna Australia,"The Australian tuna industry contributes ~$185 million to the economy annually. However, Australian fish populations are affected by the changing climate. This collaboration will use new ocean data streams from fishing vessels and regional ocean models to build ecological data products to inform industry and management authorities of the effects of environmental variability on the catchability of commercially valuable tunas.","Energy, Environment & Sustainability"
Designing Eco-Pods for Off-Grid Sustainability in Diverse Climates,Griffith University,NIPhD Program - Industry Researcher,"$232,288.00",2025,EPIC DESIGN CO PTY LTD,"This research will develop self-sufficient, off-grid eco-pods adaptable to various climates by integrating advanced building technologies and design. Supporting efforts to address Australia’s housing crisis, it will offer sustainable, energy-independent housing solutions that will reduce environmental impact and can be scaled for regional housing needs.","Energy, Environment & Sustainability"
Affordable Housing for Marginalised Communities; Development and application of an alternate funding model for social impact investing,University of Technology Sydney,NIPhD Program - Industry Researcher,"$232,288.00",2025,Global Impact Initiative,"This project will transform large-scale housing development by integrating impact investing and the UN Sustainable Development Goals into innovative funding models. It will enhance economic and housing outcomes for marginalised communities while contributing to broader discussions on social, economic, and environmental transformation through inclusive funding practices.","Energy, Environment & Sustainability"
AI-Driven Smart Transportation Optimization: EV Fleet Operation and Resilience Management,University of Technology Sydney,NIPhD Program - Industry Researcher,"$232,288.00",2025,NEC Australia Pty Ltd,"This collaboration will revolutionise Electric Vehicle fleet management by integrating AI to enhance real-time maintenance planning and operational efficiency. This will reduce emissions, improve resource utilization, deliver smarter routing to alleviate traffic congestion, enhance grid management, lower operational costs, and increase fleet reliability and resilience.","Energy, Environment & Sustainability"
Supporting Autonomous Landing Craft Operations: Situation-Aware Unmanned Surface Vehicle (USV) Navigation Through Multi-View Representation Learning,University of Technology Sydney,NIPhD Program - Industry Researcher,"$232,288.00",2025,Navantia Australia Pty Ltd.,"This project will develop a robust navigation system for unmanned surface vehicles, support the collaborative detection of objects and obstacles under varying weather and sea conditions and optimize navigation in congested waters. This will enhance Defence operations in key environments and improve transportation technologies in Australia by leveraging advanced computer vision techniques for target classification in challenging conditions.","Energy, Environment & Sustainability"
Wireless Connectivity for Autonomous Vessels,University of Technology Sydney,NIPhD Program - Industry Researcher,"$232,288.00",2025,Navantia Australia Pty Ltd.,"This research will assess the potential of fifth-generation cellular networks to support communication among autonomous vessels. The outcomes include evaluations of current telecommunications technologies, requirements for wireless connectivity in autonomous vessels, and the development of a model to explore the benefits and challenges of 5G technologies in this domain.","Energy, Environment & Sustainability"
Synthetic and Biodegradable 3D Printed Membranes for Guided Bone Tissue Regeneration,La Trobe University,NIPhD Program - Industry Linked,"$74,328.00",2025,More Group Pty Ltd,"We will develop a barrier membrane that minimizes the need for invasive medical interventions in the treatment of gum disease. This innovation aims to support the three in ten Australians affected by gum disease, improving both clinical outcomes and overall health and well-being.",Health & Medical Technology
Genetic Diversity and Coral Resilience Across Reef Environments,Macquarie University,NIPhD Program - Industry Researcher,"$232,288.00",2025,Australian Institute of Marine Science,"This collaboration will explore the impact of genetic diversity on coral resilience during restoration and natural bleaching events to identify optimal gene pools for reef restoration. It will also advance effective restoration techniques, supporting coral adaptation to climate change, and enhance Australia’s large-scale reef conservation efforts.","Energy, Environment & Sustainability"
Impacts of Autonomous and Connected Vehicles on congestion: Closed networks controlled by adaptive traffic signals,University of Technology Sydney,NIPhD Program - Industry Researcher,"$232,288.00",2025,PITT & SHERRY (OPERATIONS) PTY. LTD,"The project will investigate two-way communication between Connected Autonomous Vehicles (CAVs) and Traffic Signals (Vehicle to Infrastructure – V2I communication) on approach to closed network systems. Vehicle flow rates, approach speeds and signal green times will be optimised across multiple entry points to reduce travel times and delays across the system. Thus, combining adaptive traffic signals with V2I communications can reduce; greenhouse gas emissions, and improving road network reliability and safety, especially in the context of managed motorway systems.","Energy, Environment & Sustainability"
"Social Cohesion, Racism and a Framework for Australia",Monash University,NIPhD Program - Industry Researcher,"$232,288.00",2025,Scanlon Foundation Research Institute,"This research will provide a critical review of Australian anti-racism approaches with the intent of developing a new framework to address social cohesion in a culturally diverse society. By understanding the fears behind perpetrators of discrimination, it will contribute to enhancing anti-racism strategies and fostering more effective responses to combat cultural discrimination.","Energy, Environment & Sustainability"
"Towards Automated, Generalised and Flexible Bone and Joint Measurements",Monash University,NIPhD Program - Industry Researcher,"$232,288.00",2025,CurveBeam AI Ltd,"This collaboration will investigate innovative machine learning and computer vision techniques, alongside the world-leading weight-bearing CT scanners, to automate and standardize bone and joint measurements for improved musculoskeletal disease diagnosis and surgical planning. This will reduce workload for healthcare professionals, enhance diagnostic precision, and improve patient care through reliable data support for clinical decision-making.",Health & Medical Technology
The use of objective technologies to measure carcass composition in pork and estimate its retail value,Murdoch University,NIPhD Program - Industry Linked,"$74,328.00",2025,Craig Mostyn & Co Pty Ltd,"A key profit driver within the pork industry is the amount of saleable meat, which varies due to variation in carcass fatness between carcasses of the same weight. We will compare the predictability of computed tomography (CT) and fat depth (P2) measurements to estimate commercial cut weights and saleable meat yield to establish which trait (P2 or CT) best reflects carcass value.",Agriculture & Food Technology
"Developing Metrics, Analytics, and Guidelines for Successful Business Transformation",Queensland University of Technology,NIPhD Program - Industry Researcher,"$232,288.00",2025,Weir Minerals Australia,"This collaboration will develop a comprehensive set of metrics, analytics, and guidelines to assess and enhance the effectiveness of interconnected business transformation initiatives. Outcomes will include helping achieve transformation objectives more efficiently, reducing costs, and enabling further study into sustainable business transformation in complex environments.","Energy, Environment & Sustainability"
Advanced structural systems for prefabricated residential building envelopes utilising engineered wood products sourced from low-grade forest resources,University of Tasmania,NIPhD Program - Industry Researcher,"$232,288.00",2025,"FH Management Pty Ltd, Trading as Valley Workshop","This project will explore and develop refined structural systems that enhance construction efficiency and resource utilization. It will support Australia’s net-zero targets by increasing carbon sequestration, reducing embodied energy, improving thermal efficiency, and lowering design and construction costs.","Energy, Environment & Sustainability"
AI-powered Design and Optimisation of PolyFeed/PolyGeneration Plant to Convert Coal/Biomass into Sustainable Low-Carbon Fuels,University of Southern Queensland,NIPhD Program - Industry Researcher,"$232,288.00",2025,Verbrec Australia Pty Ltd,"This collaboration will combine advanced chemical engineering with AI and machine learning to improve resource efficiency, reduce environmental impact, and enhance the economic viability of low-carbon fuels.","Energy, Environment & Sustainability"
The Innovative Application of Artificial Intelligence to Project and Portfolio Management Solutions: Enhancing Project Success,University of Southern Queensland,NIPhD Program - Industry Researcher,"$232,288.00",2025,"Sensei Productivity Pty Ltd, trading as Sensei Project Solutions","This research will develop and evaluate proof-of-concept applications to demonstrate how AI can enhance project success in project and portfolio management solutions. This project will address current management shortcomings and improve project outcomes, reduce failure rates, and provide substantial financial benefits across various industry sectors.","Energy, Environment & Sustainability"
Contextual Abnormal Gaze for Driver Monitoring Systems,Queensland University of Technology,NIPhD Program - Industry Linked,"$74,328.00",2025,Seeing Machines Pty Ltd.,"Driver Monitoring Systems are the next frontier in reducing road vehicle crashes on Australian roads.  Such systems aim to detect when drivers are not observing the road as they should. Our research will use novel deep learning techniques for next-gen Driver Monitoring Systems that improve the detection of abnormal eye gaze behaviour in relation to specific diverse driving scenarios. This will enable early warnings for factors like distraction, fatigue or daydreaming.",Health & Medical Technology
Developing a multidisciplinary model of survivorship care for Australian men with prostate cancer on active surveillance,University of Southern Queensland,NIPhD Program - Industry Researcher,"$232,288.00",2025,Prostate Cancer Foundation of Australia (PCFA),"This collaboration will develop a multidisciplinary care model for men undergoing active monitoring for prostate cancer, incorporating psychosocial assessment and survivorship care. By improving adherence to surveillance protocols, it aims to enhance quality of life and reduce health-service costs associated with prostate cancer treatment.",Health & Medical Technology
Development and manufacturing of an indocyanine green nanoformulation towards improved intraoperative fluorescence-guided surgery of pancreatic tumour,University of South Australia,NIPhD Program - Industry Linked,"$74,328.00",2025,Ferranova,"While surgeons are increasingly using fluorescent agents and surgical cameras for guidance during solid tumour removal, currently there are no agents clinically approved for pancreatic cancer. This collaboration will explore fluorescent agents with high binding specificity to pancreatic tumours to enable surgeons to distinguish tumour tissues more precisely, leading to improved surgery and consequently patient outcomes and survival.",Health & Medical Technology
Patient-specific optimal implant size prediction in Reverse Shoulder Arthroplasty using preoperative planning tools enhanced by numerical analysis & AI,Queensland University of Technology,NIPhD Program - Industry Linked,"$74,328.00",2025,Akunah Medical Technologies (Akunah),"Worldwide, approximately 10% of shoulder replacement procedures require revision which involves removing failed surgical implant components. This research will develop a fast-paced AI-based preoperative planning tool to predict optimal stem length and position for Reverse Shoulder Arthroplasty patients to improve implant choices, reduce failure rates, and enhance patient outcomes.",Health & Medical Technology
Addressing Australia’s healthcare workforce crisis: development of a competent and safe healthcare professions workforce,University of South Australia,NIPhD Program - Industry Researcher,"$232,288.00",2025,"Statewide Clinical Support Services, Central Adelaide Local Health Network",This project will enhance the implementation of Entrustable Professional Activities in healthcare training and provide a structured framework for trainee assessment and development. This will help address the critical shortage of healthcare workers by filling existing research gaps and ensure safe and effective trainee progress.,Health & Medical Technology
Bridging the confidence gap of additive manufactured parts in a maritime environment through material and process qualification,University of South Australia,NIPhD Program - Industry Researcher,"$232,288.00",2025,ASC Pty Ltd,"This collaboration will investigate manufacturing process complexities to enhance the qualification and certification of metal Additive Manufacturing for maritime applications. By generating reliable data on heat transfer, defect detection, and metallography, it will boost industry confidence and adoption of the innovative technology within the supply chain for submarine construction and maintenance.",Advanced Manufacturing & Materials
Dual Attention Alignment for Safer Automated Driving and Enhanced Driver Readiness,Queensland University of Technology,NIPhD Program - Industry Linked,"$74,328.00",2025,Seeing Machines Pty Ltd.,"This project aims to enhance the safety and functionality of automated driving systems (ADS) through dual attention alignment. This involves comparing and aligning the attention of the ADS with that of the human user, and exploring how this process can benefit both, particularly in the context of Australian highways and lane-keeping tasks. This collaboration will advance human-machine interaction and contribute to a safer introduction of ADS in Australia.","Digital Technology, AI, & Data Science"
The use of low carbon composite binders to improve the carbon sink potential of concrete,University of South Australia,NIPhD Program - Industry Researcher,"$232,288.00",2025,Adbri Cement,"This project investigates the carbon sink potential of innovative 'green' concrete that uses low carbon emission clay cement and will address knowledge gaps in the long-term CO2 absorption of alternative binders. By developing accelerated CO2 mineral carbonation curing technology, the project will evaluate whether we can enhance carbon absorption throughout the concrete's lifecycle, supporting Australia's emissions reduction goals.","Energy, Environment & Sustainability"
High-dimensional Transformation of Healthcare Data to Identify Private Health Insurance Members at Risk of Hospitalization from Chronic Diseases,University of Newcastle,NIPhD Program - Industry Linked,"$74,328.00",2025,Honeysuckle Health,"Chronic diseases impose the largest burden on Australia's healthcare system. This collaboration will develop AI models using Hospital Casemix Protocol data to help Private Health Insurances identify at-risk members and target them with Chronic Disease Management Programs effectively, reducing hospitalisations due to chronic diseases.",Health & Medical Technology
AI-empowered microgrid control systems,The Royal Melbourne Institute of Technology (RMIT),NIPhD Program - Industry Linked,"$74,328.00",2025,OpusV Tech Group Pty Ltd,"Recent research shows that microgrids can increase energy efficiency by as much as 60% when properly utilized. This collaboration will develop AI-driven algorithms capable of optimizing microgrid performance by leveraging vast operational data, ensuring grid stability, minimizing costs, and maximizing revenue generation.","Energy, Environment & Sustainability"
Techno-Economic Modelling of Printed Solar to Identify Commercialisation Pathways for Industry,University of Newcastle,NIPhD Program - Industry Researcher,"$232,288.00",2025,Kardinia Energy,"This collaboration will focus on assessing the economic feasibility of Printed Solar, an alternative photovoltaic technology, through a comprehensive analysis spanning the full lifecycle. By identifying cost drivers and market opportunities, this will support Australia’s transition to domestically manufactured solar solutions, reducing import reliance and strengthening local industry.","Energy, Environment & Sustainability"
Recyclable Bio-based Polymers for Sustainable Water and Wastewater Treatment,The University of New South Wales,NIPhD Program - Industry Linked,"$74,328.00",2025,Harrison SPARC,"For decades, the water industry has used flocculants including metal salts and synthetic polymers to aggregate and remove contaminants from water. This collaboration will create novel, sustainable flocculants to enhance contaminant removal, lower dose requirements, toxicity and sludge volumes, leading to more sustainable and improved water treatment processes, and enhanced public health and safety.",Health & Medical Technology
Advancing Keyhole Joint Surgery through 2D-to-3D Video Conversion with High Accuracy and Low Latency,The University of New South Wales,NIPhD Program - Industry Linked,"$74,328.00",2025,CONVERGENCE MEDICAL PTY LTD,"This collaboration will enhance arthroscopy, a keyhole joint surgery performed on over 50 million patients annually, by developing an advanced technique to accurately convert 2D videos into 3D in a robot-assisted arthroscopy. This will allow surgeons to navigate anatomical structures in three dimensions with accuracy and without significant delay.",Health & Medical Technology
Developing a Framework for Assessment Practices in STEM Higher Education,The University of New South Wales,NIPhD Program - Industry Researcher,"$232,288.00",2025,Australian Council for Educational Research,"This project will create a STEM Assessment Framework for higher education in Australia, enhancing assessment practices to accurately measure students' knowledge and skills. By improving assessment relevance and accessibility, especially in a post-pandemic landscape influenced by generative AI, it seeks to boost student engagement, degree attainment, and the quality of STEM graduates.","Energy, Environment & Sustainability"
Application of Integrated Behaviour Models in Cyber-Physical Systems,University of Canberra,NIPhD Program - Industry Researcher,"$232,288.00",2025,Kompozition Pty Ltd,"This collaboration will enhance the resilience of cyber-physical machines through improved cybersecurity practices. By integrating qualitative and quantitative methods, it will support rapid capability development, foster collaboration, and strengthen digital asset management across industry and government.","Energy, Environment & Sustainability"
Leveraging AI to automate Open-Source workflow application development,University of Canberra,NIPhD Program - Industry Linked,"$74,328.00",2025,NetApp Australia Pty Ltd,"This PhD project aims to revolutionise AI code generation by targeting the creation of workflow applications, significantly enhancing developer productivity. While current AI tools are limited in scope, this project focuses on leveraging the ""durable function"" style of workflow execution provided by the Cadence workflow engine, known for its maintainability, scalability, and reliability in stateful applications. The project addresses the time-consuming challenge of porting existing applications to this superior approach by developing an AI-driven platform for automated workflow generation, microservice discovery, and codebase migration. By making this tool open source, the project seeks to foster wider adoption and collaboration, ultimately designing viable automation solutions with practical industry applications. Key components include Cadence, Python, TensorFlow, Apache Cassandra/PostgreSQL, Docker, Kubernetes, and RESTful APIs.","Energy, Environment & Sustainability"
The development and validation of a novel ultrasound-based device that improves visualisation and selection of peripheral vessels to aid in cannulation,The University of Western Australia,NIPhD Program - Industry Researcher,"$232,288.00",2025,VeinTech Pty Ltd,"Intravenous catheter cannulation is essential, with 90% of inpatients requiring one, however, 40-50% of first attempts fail. This collaboration will develop a novel, accurate, ultraportable, easy to use ultrasound device that enables visualisation and selection of veins for cannulation, and providing crucial vein pathway information.",Health & Medical Technology
Why did critical metals form at Gonneville: the key to unlocking a new critical metal deposit and a new critical metal province?,The University of Western Australia,NIPhD Program - Industry Researcher,"$232,288.00",2025,Chalice Mining Limited,"This research will investigate the formation of critical metal deposits to help enhance the discovery potential of more deposits in Western Australia’s underexplored southwest. By refining processing models, it will mitigate financial risks from exploration to mining, supporting a reliable domestic supply of essential metals for Australia’s energy transition.","Energy, Environment & Sustainability"
Development of new drug candidates against brain tumours,The University of Sydney,NIPhD Program - Industry Researcher,"$232,288.00",2025,Syntara Limited,"This collaboration will focus on creating new drug candidates to target chemotherapy resistance in glioblastoma. The development of these inhibitors will lead to new treatment options, offering hope for improved outcomes in glioblastoma and advancing research in cancer therapeutics.",Health & Medical Technology
Development of a novel pharmacological therapy for treating methamphetamine addiction,The University of Sydney,NIPhD Program - Industry Linked,"$74,328.00",2025,Psylo Pty Ltd,"This research will develop a non-hallucinogenic drug inspired by the neural mechanisms of psychedelics for the treat methamphetamine addiction, offering a novel approach for a condition with no approved therapies. Success in this area could establish the first effective treatment, benefiting patients, advancing scientific knowledge, and supporting innovation in biotechnology.",Health & Medical Technology
"Prospective analysis of para swimming- investigating talent identification, talent development and the impact on impairment and performance",The University of Queensland,NIPhD Program - Industry Researcher,"$232,288.00",2025,Swimming Australia,"This collaboration will investigate talent identification and development in para swimmers, especially athletes with high support needs, to build pathways from community participation to high performance. It will strengthen para sport by enhancing inclusive sports participation, addressing knowledge gaps in talent development, and boosting Australia's medal potential in swimming.","Energy, Environment & Sustainability"
Design and manufacturing of next-generation ultra-stable peptide radiotracers for precision diagnosis and therapy,The University of Queensland,NIPhD Program - Industry Linked,"$74,328.00",2025,Telix Pharmaceuticals,Molecular targeted radiation has emerged as a powerful way of providing real-time quantifiable information on tissues previously unachievable through invasive biopsies of small tissue samples. This collaboration will engineer new targeting molecules for accurate localisation of tumours in the body and rapid clearance to lower exposure of the radiation.,Health & Medical Technology
Metabolic modelling of microbial co-cultures for biotherapeutic production,The University of Queensland,NIPhD Program - Industry Linked,"$74,328.00",2025,Sacco System,This research will develop a comprehensive co-culture metabolic model to explain cell growth and associated metabolic behaviour to assist in the treatment of gut-related diseases such as irritable bowel syndrome and Crohn’s disease.,Health & Medical Technology
Targeted Alpha Therapies and Biological Responses: Improving Prognostic Power and Regimen Design,The University of Queensland,NIPhD Program - Industry Researcher,"$232,288.00",2025,Advancell Isotopes Pty Ltd,"Targeted alpha-therapies (TATs) offer precise, localised cancer treatment by delivering potent radiotherapeutics with minimal side-effects. This collaboration will advance our understanding of biological responses to TATs, leading to improved dosing strategies and real-time feedback, enhancing patient outcomes and providing new prognostic tools.",Health & Medical Technology
Pilot-Scale All-Iron Flow Battery Test Rig Development,The University of Queensland,NIPhD Program - Industry Researcher,"$232,288.00",2025,Energy Storage Industries Asia Pacific,"This collaboration will develop an all-iron redox flow battery (IRFBs) pilot-scale test rig to show performance and scalability of long-term energy storage. The outcomes include reduced production costs, enhanced energy density, and improved efficiency, along with supporting carbon reduction goals.","Energy, Environment & Sustainability"
AI-assisted Multiscale Simulation Framework for Intentional Design of Dental Restorative Materials (Multiple Application),The University of Melbourne,NIPhD Program - Industry Linked,"$74,328.00",2025,SDI Limited,"Advances in dental restorative materials play a critical role in addressing challenges associated with their clinical application, longevity, and biosafety. This collaboration will develop a chemistry-informed framework for the design and development of new restorative dental products.",Health & Medical Technology
Intelligent Online Control and Energy Management for Vehicle-to-Home Integration,The Royal Melbourne Institute of Technology (RMIT),NIPhD Program - Industry Linked,"$74,328.00",2025,ADL Building Services (Applied Solar Energy trade mark),"The uptake of Electric Vehicles (EVs) is ramping up in Australia. EVs can be connected to homes through vehicle-to-home capability where their batteries can be discharged back to home when needed. We will look to optimise the interaction between EVs and home energy systems, such as solar panels and battery storage, to significantly improve energy efficiency and grid stability.","Energy, Environment & Sustainability"
AI-assisted Multiscale Simulation Framework for Intentional Design of Dental Restorative Materials (Multiple Application),The University of Melbourne,NIPhD Program - Industry Linked,"$74,328.00",2025,SDI Limited,"This collaboration will develop a chemistry-informed framework for the design and development of new restorative dental products. The research will address challenges associated with clinical application, longevity, and biosafety of dental restorative materials.",Health & Medical Technology
AI-assisted Multiscale Simulation Framework for Intentional Design of Dental Restorative Materials (Multiple Application),The University of Melbourne,NIPhD Program - Industry Linked,"$74,328.00",2025,SDI Limited,"Advances in dental restorative materials play a critical role in addressing challenges associated with their clinical application, longevity, and biosafety. A chemistry-informed framework for the design and development of new restorative dental products based on glass reinforced resin composites. This collaboration will look at Machine Learning-accelerated experimental studies of filling material/tissue interactions and pulpal responses.",Health & Medical Technology
Advancing Signal Modelling with Physics-Informed Neural Networks,The University of Adelaide,NIPhD Program - Industry Linked,"$74,328.00",2025,"Advanced Systems and Technologies (AST), Lockheed Martin Australia","This collaboration will develop Physics Informed Neural Networks for more efficient modelling in areas such as weather prediction, signal tracking, fluid dynamics, and space exploration.","Energy, Environment & Sustainability"
Unified approach for price prediction and battery operation in the Australian National Electricity Market,The University of Adelaide,NIPhD Program - Industry Linked,"$74,328.00",2025,OptiGrid Pty Ltd,"This collaboration aims to develop a unified model that combines market forecast and operation optimisation of grid-connected batteries in a single framework using end-to-end learning. This research can improve the economics of large-scale batteries in the Australian grid by enabling them to maximise their revenue. Efficient battery operation also helps stabilise the grid, facilitate more renewables, and accelerate Australia's progress toward achieving fully renewable power grid.","Energy, Environment & Sustainability"
"Reinforcement learning for accurate, online price prediction in the Australian National Electricity Market",The University of Adelaide,NIPhD Program - Industry Linked,"$74,328.00",2025,OptiGrid Pty Ltd,"This collaboration aims to develop an AI-driven model of the bidding behaviour of generators and storage assets in the Australian National Electricity Market. This model will be used to increase market transparency and improve electricity price prediction, thereby enhancing resource allocation and contributing to a more efficient electricity market that delivers lower prices for consumers.","Energy, Environment & Sustainability"
Use of instrumentation to characterise plant-based meat analogues (PBMA) and develop flavour improvements to drive purchase intent,The University of Adelaide,NIPhD Program - Industry Researcher,"$232,288.00",2025,v2food,"This collaboration will investigate the flavour, taste, and colour attributes of plant-based meat analogues (PBMAs) primarily made from soy to address issues like taste, off-flavours, and colour discrepancies and produce more attractive PBMAs that meet consumer demands while ensuring a cost-effective and efficient supply chain.","Energy, Environment & Sustainability"
Femtosecond laser application in dentistry,The Australian National University,NIPhD Program - Industry Linked,"$74,328.00",2025,Dentroid Pty Ltd,"This collaboration will investigate femtosecond laser-driven repair options in dental settings and characterise hard and soft tissue removal, leading to minimally interventional procedures with greater precision and outcomes.",Health & Medical Technology
Nanowire breath sensors for metabolic health diagnosis and monitoring of animals,The Australian National University,NIPhD Program - Industry Linked,"$74,328.00",2025,Agscent Pty Ltd,"This collaboration will develop sensors for diagnosing and monitoring metabolic health in livestock and other animals, reducing related costs, improving animal welfare, and making significant contributions to Australia’s agriculture industry and the growing pet care market.",Health & Medical Technology
Techno-Economic and Optimisation of a Zero-Emission Power Production System Using fuel cells and green ammonia,The Australian National University,NIPhD Program - Industry Linked,"$74,328.00",2025,Cavendish Renewable Technology,"Australia's favourable solar radiation makes it an ideal location for producing hydrogen as a renewable energy carrier. Converting hydrogen to ammonia offers a promising solution for more efficient storage and transport. This research will determine the optimal integration of an ammonia cracking reactor with fuel cells, with a focus on energy conversion and seeks to identify the most efficient and cost-effective method to combine these technologies for electricity production.","Energy, Environment & Sustainability"
Unraveling the Genetic Basis and Molecular Mechanisms of Rice Glycemic Index to Develop Low GI Varieties with Enhanced Texture,Swinburne University of Technology,NIPhD Program - Industry Linked,"$74,328.00",2025,Rice Breeding Australia Ltd.,"This collaboration will develop rice varieties with low and ultra-low glycemic index for integration into Australian rice breeding programs. Giving Australians access to healthier varieties of rice, adapted to Australian conditions, that can help mitigate the risk of type II diabetes and related health issues, while meeting consumer preferences.",Health & Medical Technology
Pioneering Studies for the Detection of Paracetamol Misuse in Racing Animals: Improved Integrity and Animal Welfare,The Australian National University,NIPhD Program - Industry Researcher,"$232,288.00",2025,Racing Analytical Services Ltd,"This research will develop new methods to identify paracetamol misuse in racing animals, and address gaps in doping control within the Australian equine and canine industries. It will enhance industry integrity, improve animal welfare, and establish an integrated platform to monitor emerging substances of concern.","Energy, Environment & Sustainability"
Genetic investigations into mango defence responses to safeguard the future of the Australian mango industry,Queensland University of Technology,NIPhD Program - Industry Researcher,"$207,000.00",2023,"Northern Territory Department of Industry, Tourism and Trade","This project aims to improve mango plant resilience by utilising molecular technologies to explore response to disease at the genetic level. Mango fruit yield and quality can be severely affected by pests and diseases, which impacts the $217 million/year Australian mango industry. This collaborative project between QUT and NT DITT will identify mango varieties with superior immune responses and plant defence activators that can strengthen that response. These outcomes will provide growers with strategies to improve plant health, reduce pesticide use, and improve industry decision-making around selecting varieties suitable for regions with high disease loads.",Health & Medical Technology
Natural enemies of key invertebrate pests of WA grain crops: impacts and monitoring techniques,The University of Western Australia,NIPhD Program - Industry Researcher,"$207,000.00",2023,WA Department of Primary Industries and Regional Development,"The project will develop innovative methods of measuring and enhancing natural enemies of Diamondback moth, a key pest of canola. This will contribute to a reduction in insecticide use in canola, which aligns with the Department's strategic focus on driving sustainability and growth in Australian agriculture. Anticipated outcomes include natural enemy monitoring techniques for growers and agronomists. Additionally, the PhD candidate will gain skills in entomology, adding essential capacity to the State. This knowledge will support farmers to harness the free benefit provided by natural enemies. Additionally, it will contribute to global understanding of biological pest control of Diamondback moth.","Energy, Environment & Sustainability"
In-situ characterisation of in vitro cell models in a microfluidic flow,University of South Australia,NIPhD Program - Industry Linked,"$66,240.00",2023,Fertilis,"This project aims to develop new strategies to monitor cell development in custom-made microscopic incubators that are only achievable using nanoscale 3D-printing. The project seeks to increase functionality, precision, and commercial value for an Australia-made in vitro fertilisation (IVF) technology, developed by the industry partner. The biology studied, ranging from single cells through to complex organoids, will provide new insights into disease modelling, drug screening, tissue engineering, and regenerative medicine. The benefits of this project include world-class skills in nanoscale 3D-printing for commercial manufacturing, knowledge that underpins improved IVF and other cellular systems, and world-leading Australian-made biomedical devices.",Health & Medical Technology
Tank-based challenge model for enteritis in Yellowtail Kingfish,Flinders University,NIPhD Program - Industry Researcher,"$223,144.00",2024,Clean Seas Seafood Ltd,"This project will develop a tank-based model for studying enteritis in farmed Yellowtail Kingfish. The expected outcome of this project is a greater understanding of enteritis in yellowtail kingfish, leading to practical treatment solutions. This will potentially result in greater production outcomes and profitability for yellowtail kingfish farmers.","Energy, Environment & Sustainability"
The use of value-added pond ash as a construction material,University of Southern Queensland,NIPhD Program - Industry Researcher,"$223,144.00",2024,BG&E Pty Ltd,"This project is focused on developing a low-carbon concrete using pond ash, a by-product found in coal ash repositories. By developing a material passport for pond ash, this project will potentially enable using the existing 400 million tonnes of pond ash reserve in Australia.","Energy, Environment & Sustainability"
Wild Yeast Zoo,University of Newcastle,AEA Ignite Round 1,"$199,999.00",2025,A/Prof Karl Hassan,"This project aims to unlock the potential of wild yeast strains to produce sustainable biofuels, with a focus on the untapped diversity of strains sourced from different natural environments across Australia.","Energy, Environment & Sustainability"
Development of new source of cancer treatment radiopharmaceuticals for targeted alpha therapy (TAT) from radioactive mine waste,The University of Adelaide,AEA Ignite Round 1,"$301,171.00",2025,Ms Danielle Questiaux,This project will demonstrate a new and much cheaper global source of key future cancer targeted alpha therapy drugs by applying groundbreaking new processes to extract them from uranium in situ leach mines and radioactive legacy mine sites.,Health & Medical Technology
"Advancing Low-Cost, High-Accuracy Long-Read DNA Sequencing Technology to Revolutionise Clinical Diagnostics and Applied Genomics for Global Healthcare Improvement",The University of New South Wales,AEA Ignite Round 1,"$499,778.00",2025,A/Prof Lawrence Lee,The purpose of this project is to develop a revolutionary DNA sequencing technology that can accurately read long segments of DNA at a significantly lower cost than existing methods.,Health & Medical Technology
SENTIWATCH: Developing real-time sentiment analysis and disinformation warning using artificial intelligence within the EPIWATCH® AI epidemic alert system,The University of New South Wales,AEA Ignite Round 1,"$499,932.00",2025,Prof Chandini MacIntyre,"The purpose of this project is to develop further Large Language Model capability to identify disinformation and its effect on communities in real-time, building on the existing EPIWATCH® system's advances in epidemic early warning.","Energy, Environment & Sustainability"
PredicTx – A digital health tool which can accurately dose chemotherapy in colorectal cancer patients,The University of Melbourne,AEA Ignite Round 1,"$499,760.00",2025,Prof Justin Yeung,This project aims to further train and enhance an AI algorithm with real world clinical data in order to produce a commercialised clinical tool which will accurately dose chemotherapy in patients with colorectal cancer.,Health & Medical Technology
Optimising integration of direct air capture for biomanufacturing applications (DAC2BIO2.0),Monash University,AEA Ignite Round 1,"$301,530.00",2025,Miss Evangeline Leong,"This project aims to develop Direct Air Capture (DAC) technology, which will position Australia as a leader in climate tech innovation. It will demonstrate the feasibility of DAC for the biomanufacturing industry, enhance the technology for future customers, and contribute to global efforts to reduce atmospheric CO2 levels.","Energy, Environment & Sustainability"
Perpetual pigment- textile waste to paint for sustainable coloured products,Deakin University,AEA Ignite Round 1,"$492,754.00",2025,A/Prof Rangam Rajkhowa,"This project aims to address the lack of viable technology to recycle and upcycle clothing waste by producing a new sustainable pigment made from coloured textile waste and creating paints and inks using such pigments for printing textiles, packaging, and painting wood, arts and crafts.",Advanced Manufacturing & Materials
Sustainable and compostable plastic alternatives,The Australian National University,AEA Ignite Round 1,"$188,909.00",2025,Dr Brett Pollard,This project aims to create a new sustainable plastic alternative to single-use packaging materials that can persist in the environment for hundreds of years.,Advanced Manufacturing & Materials
Overseer: An artificial intelligence platform for quality assurance in manufacturing,Deakin University,AEA Ignite Round 1,"$499,667.00",2025,Dr Scott Barnett,"The aim of this project is to prototype and pilot Overseer, a proof of principle validated in the lab for identifying the root cause of defects in composite materials, to tackle the global problem of waste in manufacturing.",Advanced Manufacturing & Materials
Visible-Short wave infrared (SWIR) imaging platform for a circular solar economy,The Royal Melbourne Institute of Technology (RMIT),AEA Ignite Round 1,"$353,922.00",2025,Dr Taimur Ahmed,This project combines cutting-edge quantum dot technology with existing off-the-shelf camera sensors to create a new type of imaging system to identify defects in solar panels.,"Energy, Environment & Sustainability"
Microbial Entrapment of Sulphate Reducing Bacteria for Treatment and Metal Recovery of Mining Influenced Waters,The University of Queensland,AEA Ignite Round 1,"$289,833.00",2025,Mr. Albie Gan,"This project will further develop and validate novel microbial entrapment technology that can treat mine- influenced wastewater to enable a significant cost reduction and performance improvement, while also allowing recovery of metals.","Energy, Environment & Sustainability"
iStress: An AI driven in-situ stress estimation software for the minerals and resources industry,The University of New South Wales,AEA Ignite Round 1,"$247,957.00",2025,A/Prof Hamid Roshan,This project advances a newly-developed AI-based method to determine tectonic rock stresses for critical mineral deposits to allow the industry to quickly and cost-efficiently undertake the required analysis to safely extract deeper underground deposits.,"Energy, Environment & Sustainability"
Strategic and Critical Minerals Recovery Using a Novel Acoustic Flotation Technology,The University of New South Wales,AEA Ignite Round 1,"$405,326.00",2025,A/Prof Seher Ata,"This project aims to leverage new technology to enhance the flotation of strategic and critical minerals, leading to the development of a novel industrial process for mineral flotation, offering substantial benefits for expanding Australia’s critical minerals sector.","Energy, Environment & Sustainability"
Low Cost Separation Technology for Natural Hydrogen and Helium Recovery,The University of Western Australia,AEA Ignite Round 1,"$368,986.00",2025,Dr Gongkui Xiao,"This project will advance the development of a patented adsorption technology by combining it with a membrane so that low concentrations of hydrogen (H2) and helium (He) in high-pressure gas can be recovered efficiently, helping to realise Australia's decarbonisation targets.","Energy, Environment & Sustainability"
Airborne surveying for groundwater,The University of Western Australia,AEA Ignite Round 1,"$281,096.00",2025,Dr Andrew Sunderland,"This project aims to enhance existing airborne electromagnetic equipment to improve the resolution of surveys, aiding water resource managers in developing efficient water management plans, identifying new groundwater resources, and enabling land managers to make data-driven agricultural interventions.","Energy, Environment & Sustainability"
Developing Next-Generation Eutectic Gels (Egels) for On-Demand Front-Line Wound Healing and Infection Control,The Royal Melbourne Institute of Technology (RMIT),AEA Ignite Round 1,"$499,398.00",2025,Dr Saffron Bryant,"This project aims to develop and validate an antimicrobial, wound healing therapeutic-gel for controlled delivery of antimicrobial compounds and healing factors, offering a two-pronged approach to managing infection and improving patient outcomes.",Health & Medical Technology
Development and preclinical validation of a laparoscopic magnetometer probe based on quantum sensors for intraoperative mapping of the spread of gastrointestinal tumours,University of South Australia,AEA Ignite Round 1,"$405,050.00",2025,Dr Nicole Dmochowska,"This project aims to develop a novel minimally invasive laparoscopic detector probe based on state-of-the-art quantum sensors, in combination with injectable magnetic tracers, to precisely pinpoint lymph nodes during gastrointestinal cancer surgery, thereby improving patient outcomes and quality of life.",Health & Medical Technology
A materials intelligence platform for understanding complex materials systems and environments,La Trobe University,AEA Ignite Round 1,"$500,000.00",2025,Ms Sarah Bamford,"This project aims to develop a software platform that provides access to machine learning methodologies to characterise, classify, and predict the properties of complex materials systems, including nanostructured functional surfaces, multilayers, manufactured coatings, plastics, packaging, minerals and pharmaceuticals.","Energy, Environment & Sustainability"
Development of a Low-Weight and Low-Cost Photovoltaic Array for Temporary Power Applications,Monash University,AEA Ignite Round 1,"$197,517.00",2025,Dr Gaveshana Sepalage,"The purpose of this project is to revolutionise temporary and off-grid electricity generation by advancing the patented Concertina PV array, offering a renewable alternative to diesel generators through clean, efficient, and portable solar power.","Energy, Environment & Sustainability"
Light Based Fingerprinting Technology For Authenticating Provenance of High Value Goods,The University of New South Wales,AEA Ignite Round 1,"$348,930.00",2025,A/Prof John Stride,The purpose of this project is to demonstrate the potential for using light-based fingerprinting technologies to address counterfeiting and authenticate the provenance of high-value goods.,"Defence, Aerospace, & Security"
RUBICON: Diagnostic and Monitoring Platform for Parkinson's Disease,La Trobe University,AEA Ignite Round 1,"$199,071.00",2025,Dr Tze Cin Owyong,"The purpose of this project is to develop a new method to detect specific protein forms in blood, focusing on Parkinson's disease, with the goal of integrating this method into routine blood tests for early diagnosis, better patient management and tracking of disease progression.",Health & Medical Technology
Production of an affordable and safe delivery platform for gene therapies,The University of New South Wales,AEA Ignite Round 1,"$337,012.00",2025,A/Prof Wei Deng,"The purpose of this project is to commercialise the light-activated liposome nanoparticle delivery technology, offering a low-cost, scalable, and precise gene therapy solution for various genetic disorders, including 500 rare diseases.",Health & Medical Technology
Heat exchangers for supercritical CO2 power conversion systems,The University of Queensland,AEA Ignite Round 1,"$499,078.00",2025,Dr Yuanshen Lu,"The purpose of this project is to build and demonstrate an integrated heat exchanger module for deployment in future supercritical carbon dioxide (sCO2) power cycles, aiming to significantly increase power generation efficiency in applications such as waste heat recovery, concentrated solar thermal power, and thermal energy storage systems.","Energy, Environment & Sustainability"
Optimising Pig Farm Performance with Digital Disease Management Solutions,University of the Sunshine Coast,AEA Ignite Round 1,"$477,463.00",2025,A/Prof Joanne Macdonald,"The purpose of this project is to introduce an advanced, real-time, on-site disease detection system for pig farms, integrating with existing digital tools to detect harmful pathogens early, enabling quicker interventions, healthier pigs and more efficient farming practices.",Health & Medical Technology
"Commercialising Therapeutic, Artificially Intelligent Companions",The University of New South Wales,AEA Ignite Round 1,"$320,949.00",2025,Dr Gail Kenning,"This project aims to advance the development and commercialization of Digitally Embodied, Artificially Intelligent Companions to provide psychosocial and/or therapeutic support for mental health and wellbeing.",Health & Medical Technology
Circular Economy Mortar,University of Newcastle,AEA Ignite Round 1,"$444,880.00",2025,Dr Josephine Vaughan,"This project aims to develop a new, removable mortar using carbon-negative ingredients from agricultural straw waste, which allows easy debonding from bricks and blocks, reduces carbon emissions, and meets Australian Building Standards.","Energy, Environment & Sustainability"
A Ternary Neural Network Accelerator,The University of Sydney,AEA Ignite Round 1,"$475,760.00",2025,Prof Philip Leong,"The purpose of this project is to develop a prototype AI accelerator based on ternary neural networks to reduce cost, power consumption, and execution time for modern AI systems, while maintaining accuracy.","Energy, Environment & Sustainability"
Dual bovine venereal disease vaccine proof-of-concept trial,The University of Queensland,AEA Ignite Round 1,"$175,816.00",2025,Prof Alicja Tabor,The purpose of this project is to develop a dual vaccine for bovine genital campylobacteriosis and bovine trichomonosis to improve the competitiveness of the Australian beef industry by ensuring cattle are free from venereal diseases.,Health & Medical Technology
A novel medical device (LesioLogic) to improve catheter ablation outcomes in treating lethal heart rhythm disorders,The University of Sydney,AEA Ignite Round 1,"$400,200.00",2025,Dr Edward Yang,"The purpose of this project is to improve treatment efficacy for heart rhythm disorders by providing real-time, non-invasive feedback to physicians on treatment quality, reducing the need for repeat treatments and enhancing patients' quality of life.",Health & Medical Technology
High throughput screening of compounds to abate cattle-derived methane emissions,University of Technology Sydney,AEA Ignite Round 1,"$442,650.00",2025,Dr Nature Poddar,"The purpose of this project is to automate and miniaturise the process of screening algae strains to reduce methane emissions from ruminants, providing a faster and more efficient way to contribute to sustainable agriculture and environmental protection.",Agriculture & Food Technology
Advancing Australian Innovation: Manufacturing Nasal Delivery Psychoactive Drugs for Unmet Mental Health Needs,The University of Melbourne,AEA Ignite Round 1,"$492,720.00",2025,A/Prof Daniel Perkins,"The purpose of this project is to develop and manufacture innovative nasal spray dosage forms of combined psychedelic compounds for treating mental health disorders, aiming to provide effective new options for conditions like depression, anxiety and addiction.",Health & Medical Technology
Implementation of a low-cost spectroscopic sensing solution for autonomous farm management,The University of Western Australia,AEA Ignite Round 1,"$462,700.00",2025,A/Prof Buddhika (Dilusha) Silva,"The purpose of this project is to develop a field-portable, low-cost, robust instrument that uses infrared light (via near infrared spectroscopy) to assess the health of crops, soil, and plants.",Health & Medical Technology
Fluorescence Fingerprint enabled High-density Optical Data Storage,University of South Australia,AEA Ignite Round 1,"$354,900.00",2025,Dr Yanting Yin,The purpose of this project is to dramatically increase digital data storage capacities by developing ultra-high density optical media using nanocrystalline materials and novel data writing techniques.,"Energy, Environment & Sustainability"
Demonstrating low-cost green hydrogen production from raw water through scale-up of novel patent pending electrolysis technology,Curtin University,AEA Ignite Round 1,"$444,624.00",2025,Dr Jiayi Tang,"The purpose of this project is to revolutionise the production of low-cost green hydrogen by demonstrating a commercially attractive hydrogen production pathway that can be scaled across Australia, enabling transformative impacts in transportation, energy storage, fertiliser production, and critical minerals processing, while co-producing fresh water for communities.","Energy, Environment & Sustainability"
An AI-Based Smart Phone System for inexpensive and fast Asbestos Identification,Swinburne University of Technology,AEA Ignite Round 1,"$390,940.00",2025,A/Prof Rosalie Hocking,"This project aims to improve an AI-based image recognition system for Asbestos Identification, using a clip-on microscope to deliver faster, more accurate, and cost-effective asbestos identification.",Mining & Resources
Advanced Manufacturing of Environmentally Friendly PFAS-Free Non-Stick Optical Coatings,The University of Sydney,AEA Ignite Round 1,"$481,000.00",2025,Prof Antonio Tricoli,"The purpose of this project is to develop cutting-edge technology for manufacturing environmentally friendly, PFAS-free, non-stick coatings specifically for optical applications.","Energy, Environment & Sustainability"
Towards digital genetic plant pathogen surveillance and smart chemical disease control in agriculture,The Australian National University,AEA Ignite Round 1,"$197,791.00",2025,Dr Eric Pereira,"The purpose of this project is to apply digital genetic ""fingerprint"" technology to crop pathogens, guiding smarter chemical control of crop diseases to save millions for growers and the economy while being more economic and better for the environment.",Health & Medical Technology
Sustainable future fuels: Advancing duckweed feedstock,University of Southern Queensland,AEA Ignite Round 1,"$198,679.00",2025,Dr Peter Harris,"The purpose of this project is to develop and test new technology to grow duckweed as a sustainable source of biomass using nutrient-rich waste residue from treated dairy manure, aiming to produce scalable amounts of biomass for biofuel production without impacting food production.","Energy, Environment & Sustainability"
Local Positioning Service (LPS),Queensland University of Technology,AEA Ignite Round 1,"$483,934.00",2025,Mr Melih Minareci,"The purpose of this project is to develop a superior Positioning Solution that enhances Australia’s capabilities in critical sectors like robotics, transport, defense, and agriculture by improving transport safety, mitigating GPS-related risks in defense and boosting precision farming.","Energy, Environment & Sustainability"
A Robust Chemical Sensing Platform for Optimized Process Control in Mineral Processing Operations,University of South Australia,AEA Ignite Round 1,"$192,339.00",2025,Dr Bin Guan,"The purpose of this project is to extend the technology readiness of newly patented slurry sampling chips to achieve continuous chemical monitoring in harsh process streams with high concentrations of particles, enabling timely decisions at the processing plant and opening future opportunities for advanced process control through machine learning strategies.","Energy, Environment & Sustainability"
"High Energy, Safe and Recyclable Single Electrode Supercapacitors",Queensland University of Technology,AEA Ignite Round 1,"$354,162.00",2025,Dr Mahesh Yashavant Chougale,"The purpose of this project is to develop a new type of energy storage device known as an anode-less supercapacitor, aiming to create a more efficient, reliable, safe, and cost-effective supercapacitor by eliminating the anode and optimising other aspects of the device.","Energy, Environment & Sustainability"
Advanced Manufacturing of Hard Carbon from Agricultural Waste for Sodium-Ion Batteries,Queensland University of Technology,AEA Ignite Round 1,"$347,966.00",2025,Prof Deepak Dubal,"The purpose of this project is to enhance the production of materials for sodium-ion batteries by scaling up a microwave technology method to convert agricultural waste into high-quality carbon materials, aiming to develop and test new battery cells that match or exceed the performance of current commercial batteries.","Energy, Environment & Sustainability"
Chip Integration for Advanced Fibre Sensors,The Royal Melbourne Institute of Technology (RMIT),AEA Ignite Round 1,"$186,109.00",2025,Mr Luke Broadley,"This project aims to use Australian rapid prototyping capabilities to demonstrate the potential benefits of photonic integration for advanced optical fibre sensors, allowing for the assessment of these benefits in a real-world industrial context.",Advanced Manufacturing & Materials
Advanced Inspection of Next-Generation Solar Cells: Integrating Novel Characterisation Methods with AI,The University of New South Wales,AEA Ignite Round 1,"$198,883.00",2025,Dr Shuai Nie,"The purpose of this project is to commercialise advanced characterisation methods and machine learning algorithms for next-generation solar cells, developed in collaboration with BT Imaging, to enhance device efficiency and optimise fabrication processes.","Energy, Environment & Sustainability"
X-Retina: A Real-time Cloud-based AI-vision and Cognitive Factory Digital Twin to Maximise Plastic Recycling,The University of Melbourne,AEA Ignite Round 1,"$448,465.00",2025,Dr Kasun Kristombu Baduge,The purpose of the X-Retina project is to transform the recycling industry by developing advanced AI-driven vision modules and a cloud-based factory digital twin platform that boosts plastic recycling efficiency and profitability.,"Energy, Environment & Sustainability"
A photonic rheometer for blood characterisation,University of South Australia,AEA Ignite Round 1,"$499,128.00",2025,A/Prof Shahraam Afshar Vahid,"The purpose of this project is to develop and test a compact, user-friendly, and portable device using quantum-based sensors to provide clinicians with quick, vital, personalised information for better bleeding management during surgery and related procedures.","Energy, Environment & Sustainability"
Resorbable Patient-Specific Orthopaedic Implants,Monash University,AEA Ignite Round 1,"$198,431.00",2025,Prof Jian-Feng Nie,"The purpose of this project is to assess the repeatability of the 3D printing process for orofacial implants using a novel biodegradable zinc alloy, aiming to create patient-specific implants that naturally dissolve over time, eliminating the need for additional surgeries and improving the quality of life for patients.",Health & Medical Technology
Scale-Up Advanced Manufacturing of Functional Feed Ingredients from Cane Molasses Towards Commercialisation,Queensland University of Technology,AEA Ignite Round 1,"$483,784.00",2025,Prof Zhanying Zhang,"The purpose of this project is to develop and scale up the production of Fructooligosaccharides (FOS) from low-value sugarcane molasses using advanced biomanufacturing to enhance livestock health, improve productivity, and potentially reduce methane emissions.",Health & Medical Technology
Dual function paint coatings: cool-roof and water capture for a sustainable future,The University of Sydney,AEA Ignite Round 1,"$499,458.00",2025,Prof Chiara Neto,"The purpose of this project is to develop novel dual-function paint coatings that provide heat relief and water security in the face of climate change by cooling buildings, reducing the urban heat island effect, and collecting water from the atmosphere through condensation.","Energy, Environment & Sustainability"
Manufacturing automated microscopes for rapid Antibiotic Susceptibility Testing,The University of New South Wales,AEA Ignite Round 1,"$399,009.00",2025,A/Prof Emma Sierecki,"The purpose of this project is to develop a rapid Antimicrobial Susceptibility Testing platform using single bacteria counting on an automated, innovative microscope to detect potential antibiotic resistance as soon as possible.",Health & Medical Technology
Lithium ore quality and quantity detection using novel fluorescence sensing,The University of Adelaide,AEA Ignite Round 1,"$479,406.00",2025,Dr Jillian Moffatt,"The purpose of this project is to develop a prototype ""novel fluorescence"" spodumene sensor to detect and quantify spodumene in raw ore, enabling selective mining processes that minimise economic and environmental costs.","Energy, Environment & Sustainability"
AI-enabled novel software platform for accelerated design of fit-for-purpose polymeric materials,The University of Melbourne,AEA Ignite Round 1,"$199,165.00",2025,Dr Elnaz Hajizadeh,This project aims to accelerate the timeline for translating newly discovered materials into deployable manufactured products by creating an AI-enabled software tool that integrates experimental data with computational tools and AI algorithms.,Advanced Manufacturing & Materials
AI-Powered Data Input Technology to Enhance Staff Retention and Care Quality in the Aged Care Industry,Australian Catholic University,AEA Ignite Round 1,"$487,226.00",2025,Prof Myriam Amielh,"The purpose of this project is to automate data entry with advanced AI technology to free up time for resident care, improve job satisfaction and care quality, and reduce staff turnover, recruitment and training costs.","Digital Technology, AI, & Data Science"
3D Printed High-Performance Electrodes for Sustainable Fuel and Clean Energy Generation Systems,Deakin University,AEA Ignite Round 1,"$397,452.00",2025,Dr Vipul Gupta,"The purpose of this project is to use patent-pending technologies to 3D print optimised electrodes for clean energy generation systems, aiming to break current barriers to energy efficiency and extend the hydrogen and sustainable fuel economy to unique applications.","Energy, Environment & Sustainability"
"SerpenSeal, next generation wound management",The University of Queensland,AEA Ignite Round 1,"$497,240.00",2025,Prof Alan Rowan,"This project aims to develop a platform wound technology called SerpenSeal, based on potent snake venom-derived factors, to control both surgical and traumatic bleeding, even in the presence of clotting failure, and to establish Australian-based manufacturing of wound care products with Indigenous Australian Industry partner Bulugudu.",Health & Medical Technology
Developing Digital Battery Passport Platform to Support Australia’s Circular Economy,The Royal Melbourne Institute of Technology (RMIT),AEA Ignite Round 1,"$500,000.00",2025,Dr Parham Moradi Dowlatabadi,"The purpose of this project is to develop an AI-enhanced, robust, scalable, and secure cloud-based platform for managing Digital Battery Passports, ensuring transparency, traceability, and compliance with regulatory and environmental standards to support Australia’s circular economy.","Energy, Environment & Sustainability"
Sustainable diesel production from CO2,Curtin University,AEA Ignite Round 1,"$412,364.00",2025,Dr Laure Braconnier,"The purpose of this project is to derisk and demonstrate groundbreaking advancements in a single-step process for the production of Green Diesel, significantly reducing carbon emissions from mining operations and assisting in decarbonising our economy.","Energy, Environment & Sustainability"
Securing the future of the iconic Australian banana industry,Queensland University of Technology,AEA Ignite Round 1,"$499,989.00",2025,Dr Anthony James,"The purpose of this project is to develop technology to bring to market a multi-disease resistant Cavendish banana, QCAV-4, which is resistant to Fusarium wilt TR4 and other diseases, aiming to reduce production costs, tackle high fungicide use, protect the industry, and give Australia a leading commercial edge in the global market.",Health & Medical Technology
Transforming Waste: Engineered Yeast Valorizing Black Soldier Fly Waste Streams for High-value Biofuels and Cosmetics,Macquarie University,AEA Ignite Round 1,"$495,000.00",2025,Dr Sheemal Kumar,"The purpose of this project is to transform complex waste into high-value cosmetic oils and biofuels using engineered yeast strains, offering a sustainable alternative to traditional methods.","Energy, Environment & Sustainability"
"BrainAssure: A low-cost, electrochemical-sensor-based, point-of-care system for diagnosing dementia",Monash University,AEA Ignite Round 1,"$500,000.00",2025,Mr Alex Jones,"The purpose of this project is to develop an affordable and highly sensitive tool to monitor brain health by detecting neurofilament light chain (NfL) levels, which are key markers for neurological disorders and dementia.",Health & Medical Technology
Advancing a digital tool for improved water decision-making in agriculture,University of South Australia,AEA Ignite Round 1,"$362,353.00",2025,A/Prof Joanne Tingey-Holyoak,"The purpose of this project is to develop a commercial tool that integrates costs with physical on-farm data in real time to improve irrigation decision-making across multiple crop types, supporting growers across Australia.","Energy, Environment & Sustainability"
Intelligent Reflecting Surface Antenna for Digital Mining,University of Technology Sydney,AEA Ignite Round 1,"$160,124.00",2025,A/Prof Peiyuan Qin,"The purpose of this project is to develop innovative antenna technologies using intelligent reflecting surface antennas (RSAs) to provide low-cost, ubiquitous wireless connectivity in underground mining sites, significantly improving mining productivity and safety.","Energy, Environment & Sustainability"
Machine Learning Methods for Advanced Photoluminescence Image Data Analysis,The University of New South Wales,AEA Ignite Round 1,"$198,743.00",2025,Mr Ryan Hall,"The purpose of this project is to use artificial intelligence-based image processing techniques to analyze photoluminescence images generated by aerial drone systems, enhancing the inspection of solar panels by increasing throughput, reducing costs and mitigating the need for highly trained specialists.","Energy, Environment & Sustainability"
"Artificial intelligence-driven, context-aware wearables for falls prevention in the real world",The University of Melbourne,AEA Ignite Round 1,"$376,359.00",2025,Dr Justin Fong,"The purpose of this project is to develop a wearable medical device that enables better assessment and management of falls risk, ultimately reducing falls and related hospitalisations and deaths in Australia.",Health & Medical Technology
"Developing a web app ""Baby Moves VIEW"" for cerebral palsy screening",The University of Melbourne,AEA Ignite Round 1,"$366,217.00",2025,Dr Amanda Kwong,"The purpose of this project is to develop a web application called ""Baby Moves VIEW"" to help screen more babies for cerebral palsy as early as 4 months old, ensuring they receive early play-based therapy programs at a critical time to improve their outcomes.",Health & Medical Technology
Innovative high-pressure hydrogen injection technologies for diesel vehicle retrofit solutions,The University of New South Wales,AEA Ignite Round 1,"$190,000.00",2025,Dr Dongchan Kim,"The purpose of this project is to accelerate the commercialisation of hydrogen-diesel hybrid technologies by developing essential components for successful integration into mobile diesel systems, thereby enhancing the durability and efficiency of hydrogen injectors and expanding the technology's applications to longer-range transport vehicles.","Energy, Environment & Sustainability"
Graphene-enhanced netting: A cost-effective solution to prevent biofouling in aquaculture,Flinders University,AEA Ignite Round 1,"$353,098.00",2025,Prof Mats Andersson,"The purpose of this project is to revolutionise the aquaculture industry by developing a graphene-enhanced material for fish-pen nets to reduce biofouling, lower operational costs, improve environmental sustainability and enhance food security.","Energy, Environment & Sustainability"
Digital twin enabled qualification of parts for additive manufacturing,The University of Sydney,AEA Ignite Round 1,"$490,826.00",2025,Dr Kevin Sisco,The purpose of this project is to raise the technological readiness of our approach to the certification and qualification of metal parts made by 3D printing processes or additive manufacturing.,Advanced Manufacturing & Materials
Next generation extrusion dies produced by additive manufacturing,The Royal Melbourne Institute of Technology (RMIT),AEA Ignite Round 1,"$291,725.00",2025,Dr Edward Wen Chiek Lui,"The purpose of this project is to enable the next generation of extrusion dies to be manufactured using 3D printing, significantly improving their design, performance, durability, and reducing the cost of manufacture.",Advanced Manufacturing & Materials
Development of ResectAssist™: a drug-eluting implantable device for the localised treatment for pancreatic cancer,University of Wollongong,AEA Ignite Round 1,"$500,000.00",2025,A/Prof Kara Vine-Perrow,"The purpose of this project is to develop ResectAssist™, a single-use, implantable drug-eluting device for inoperable locally advanced pancreatic cancer, aiming to locally deliver high dose chemotherapy to convert non-resectable pancreatic tumours to resectable, thereby improving patient outcomes and addressing an important unmet medical need.",Health & Medical Technology
Scaling up percrystallisation technology for advanced manufacturing of metal compounds and zero-liquid discharge applications,The University of Queensland,AEA Ignite Round 1,"$366,602.00",2025,Dr Julius Motuzas,"The purpose of this project is to develop a new crystallisation technology using special membranes to produce high-quality industrial materials more efficiently, reducing costs and energy usage, and enhancing Australia's competitiveness in manufacturing battery materials and other valuable chemical products.","Energy, Environment & Sustainability"
AI-empowered smart depot charging for fleet electrification,The Royal Melbourne Institute of Technology (RMIT),AEA Ignite Round 1,"$475,572.00",2025,Dr Ali Moradiamani,"The purpose of this project is to offer an AI-empowered smart depot charging solution that optimizes charger utilisation, integrates renewable energy sources, and provides data-driven insights to accelerate the adoption of electric fleets and contribute to a sustainable transportation sector.","Energy, Environment & Sustainability"
Advanced Manufacturing of Blood Vessel Bioreactor,The University of Sydney,AEA Ignite Round 1,"$322,898.00",2025,Dr Praveesuda Michael,"The purpose of this project is to pilot and evaluate a novel lab model of the human vasculature, called blood-vessel-in-a-box, which closely mimics human physiological conditions to improve the assessment of medical devices and pharmaceuticals.",Health & Medical Technology
Manufacturing a novel device to improve detection of fetal asphyxia in labour,The University of Melbourne,AEA Ignite Round 1,"$498,168.00",2025,A/Prof Fiona Brownfoot,"The purpose of this project is to develop a commercial-grade device using a novel pH nanosensor to continuously detect fetal pH during labour, aiming to improve the diagnostic accuracy of fetal hypoxia and reduce the risk of birth asphyxia.",Health & Medical Technology
Terahertz virtual skin biopsy: Quantum cascade laser imaging of early melanoma,The University of Queensland,AEA Ignite Round 1,"$460,444.00",2025,Dr Karl Bertling,The purpose of this project is to develop and bring to clinical use a quantum imaging platform based on Terahertz (THz) Quantum Cascade Lasers to improve the early diagnosis and reduce the overdiagnosis of melanoma.,Health & Medical Technology
Catalytic Hydrogen Production via Pyrolysis (CHyPP),The University of Adelaide,AEA Ignite Round 1,"$492,526.00",2025,Dr Gule Li,The purpose of this project is to demonstrate and advance a revolutionary low-emission hydrogen production technology by optimising catalysts used to pyrolyse methane into hydrogen and valuable solid carbon byproducts.,"Energy, Environment & Sustainability"
Developing an Artificial Intelligence-Augmented Device for Non-Surgical Assessment of Elevated Intracranial Pressure,University of Technology Sydney,AEA Ignite Round 1,"$433,510.00",2025,A/Prof Mojtaba Golzan,"The purpose of this project is to create a portable, non-invasive tool for detecting elevated intracranial pressure using advanced artificial intelligence to analyze videos captured from the back of the eye, enhancing diagnostic speed and accuracy, and ensuring broader access to the latest medical technology.",Health & Medical Technology
Optimising ore-sand as a scalable circular economy solution to reduce mineral wastes and responsibly supply alternative construction materials - Stage II,The University of Queensland,AEA Ignite Round 1,"$316,424.00",2025,Dr Juliana Segura Salazar,The purpose of this project is to develop a circular economy solution to address the sustainability challenges of tailings waste and sand extraction in the mining industry by reducing tailings waste and creating fit-for-purpose mining by-products known as ore-sand.,"Energy, Environment & Sustainability"
Sustainable Alternatives to Synthetic Superabsorbent Polymers for Hydroseeding and Hydromulch Applications,The University of Queensland,AEA Ignite Round 1,"$492,895.00",2025,Dr Hima Haridevan,"The purpose of this project is to advance the UQ Biogel technology by optimizing its performance and large-scale production for hydromulch and hydroseeding, with product validation in plot trials, to enhance sustainability and the circular economy across various applications.","Energy, Environment & Sustainability"
"SkyOwl, a Multi-Agent Training Assistant",The University of Melbourne,AEA Ignite Round 1,"$500,000.00",2025,Dr Fabio Mattioli,"The purpose of this project is to provide a portable, multi-agent AI tool called SkyOwl that helps aviation professionals develop key communication and decision-making skills, thereby increasing safety outcomes and streamlining training.","Energy, Environment & Sustainability"
AI-powered Media Disinformation and Cyber Security Defence Training Platform,The University of New South Wales,AEA Ignite Round 1,"$243,689.00",2025,A/Prof Benjamin Turnbull,"The purpose of this project is to integrate the existing AI agent-based mis- and disinformation platform into TLRs Cyber War Games platform, providing hands-on training opportunities for future cybersecurity professionals to understand and mitigate modern cybersecurity threats.","Defence, Aerospace, & Security"
Smart Inventory Solution- Leveraging AI for Sustainable and ESG-Complaint Inventory Management,Victoria University,AEA Ignite Round 1,"$393,260.00",2025,Dr Omid Ameri Sianaki,"The purpose of the Smart Inventory Solution project is to revolutionize inventory management for small and medium-sized businesses through an AI-powered platform that optimizes inventory control while adhering to Environmental, Social, and Governance compliance standards.","Energy, Environment & Sustainability"
Novel Biotechnology for Anaerobic Algae Fermentation Yielding Sustainable Liquid Biofuels,The University of New South Wales,AEA Ignite Round 1,"$451,587.00",2025,Prof Bing-Jie Ni,"The purpose of this project is to enhance the production of high-value bioethanol from algae through advanced anaerobic fermentation, addressing waste issues while yielding renewable liquid bioenergy to meet Australia's growing energy demands.","Energy, Environment & Sustainability"
A Novel Bimodal Small Molecule That Reinvigorates Tired T-Cells To Fight Melanoma,The University of New South Wales,AEA Ignite Round 1,"$493,550.00",2025,Prof Levon Khachigian,"The purpose of this project is to develop an innovative drug, BT2, as a novel “bimodal” therapeutic for cancer, aiming to inhibit kinase activation in cancer cells and PD-1 levels on T cells, potentially transforming current therapy to reduce morbidity and mortality from melanoma and other cancers.",Health & Medical Technology
AI-Powered Image Technologies for Advanced Fish Breeding and Farm Efficiency,James Cook University,AEA Ignite Round 1,"$199,910.00",2025,Dr Alzayat Saleh,"The purpose of this project is to revolutionise fish farming by developing an AI-powered tool named AutoFish, which accurately assesses essential fish traits such as color, size, and weight using images and videos.","Energy, Environment & Sustainability"
MapTalk: A conversational AI assistant for geospatial data analytics,The Royal Melbourne Institute of Technology (RMIT),AEA Ignite Round 1,"$338,924.00",2025,Dr Yaguang Tao,"The purpose of this project is to enable anyone to create insights from complex data by asking questions in everyday language, thereby democratising data analysis and boosting industry productivity and efficiency.","Energy, Environment & Sustainability"
Zero-Emission Safer Roads for Rural and Regional Road Systems,The Royal Melbourne Institute of Technology (RMIT),AEA Ignite Round 1,"$480,212.00",2025,Prof Filippo Giustozzi,"The purpose of this project is to introduce a zero-emission, cost-effective construction method using recycled materials and green bio-additives to arrest damages induced by problematic soils, thereby improving the resilience of remote and regional communities reliant on the road system.","Energy, Environment & Sustainability"
Vision BaDGE electro-lens delivery of naked VEGFscav DNA is the future for wet-AMD eye disease therapy,The University of New South Wales,AEA Ignite Round 1,"$299,976.00",2025,Dr Georg von Jonquieres,"The purpose of this project is to develop a new technology for safe, painless delivery of naked DNA encoding a VEGF scavenger protein to the sclera of the eye using a single brief electric pulse, aiming to achieve long-term treatment for wet age-related macular degeneration (wetAMD) and related neovascularisation disorders.",Health & Medical Technology
The Monash Phage Foundry to manufacture clinical-grade phage products.,Monash University,AEA Ignite Round 1,"$199,997.00",2025,Dr Dinesh Subedi,The purpose of this project is to improve access to life-saving phage therapy in Australia by establishing a local manufacturing facility with the capacity for large-scale production of clinical-grade phage products.,Health & Medical Technology
AI-Enabled Anti-Spoofing for RF Device Authentication via Satellite Sensing,The Royal Melbourne Institute of Technology (RMIT),AEA Ignite Round 1,"$470,124.00",2025,Dr Bisma Manzoor,"The purpose of this project is to enhance wireless device security by developing advanced AI-enabled software for authentication using satellite technology, significantly improving wireless visibility and security.","Energy, Environment & Sustainability"
The Green Bundle: Integrated Hydrogen Storage and Delivery with Carbon Dioxide Conversion to Green Methane,University of Technology Sydney,AEA Ignite Round 1,"$301,648.00",2025,Prof Zhenguo Huang,"The purpose of this project is to develop a tandem and green process capable of enabling the large-scale storage and generation of hydrogen, and converting carbon dioxide into green methane.","Energy, Environment & Sustainability"
Low-cost sensing for liquid food supply chain authentication,The University of Western Australia,AEA Ignite Round 1,"$392,385.00",2025,Dr Nick Ling,"The purpose of this project is to combat supply chain fraud in Australia's liquid food products by developing a portable and low-cost digital agriculture solution that fingerprints liquid food products at the source, providing a unique digital signature traceable throughout the entire supply chain as proof of origin and authenticity.","Energy, Environment & Sustainability"
Multiplexed amino acid and pH biosensor array for in vitro sample qualification and optimisation,The University of Melbourne,AEA Ignite Round 1,"$132,000.00",2025,Prof Alastair Stewart,"The purpose of this project is to develop a biocompatible dual-purpose aptamer biosensor for amino acids and pH, aiming to transform the biological sample preparation and production workflow by marketing a user-friendly and fit-for-purpose biosensor array.","Energy, Environment & Sustainability"
Intelligent Agent for Efficient and Effective Frequency Control Ancillary Services Targeting Renewable Energy Power Systems,Griffith University,AEA Ignite Round 1,"$429,720.00",2025,Dr Yanming Zhu,"The purpose of this project is to develop an intelligent agent for solar power systems to deliver low-cost, effective Frequency Control Ancillary Services, enhancing energy efficiency, extending the lifespan of energy storage systems, reducing electricity costs, and improving the stability and efficiency of the national grid.","Energy, Environment & Sustainability"
Advanced Chemistry and Manufacturing of a Novel Peptide-Drug Conjugate,The University of Sydney,AEA Ignite Round 1,"$499,935.00",2025,Dr Pegah Varamini,"The purpose of this project is to develop a new peptide-drug conjugate designed to treat triple-negative breast cancer by targeting cancer cells more specifically, potentially offering a more effective therapy with high tolerability compared to current treatments.",Health & Medical Technology
Validation of Dynamic Interface Printing for high-throughput manufacturing of biological tissue models,The University of Melbourne,AEA Ignite Round 1,"$299,168.00",2025,Mr Michael Halwes,"The purpose of this project is to develop a novel biofabrication technology known as Dynamic Interface Printing to create precise, reproducible, and consistent tissue models of human disease.",Health & Medical Technology
Piezoelectric paints for next-generation smart buildings,The Royal Melbourne Institute of Technology (RMIT),AEA Ignite Round 1,"$426,422.00",2025,Dr Irfan Abidi,"The purpose of this project is to develop a piezoelectric paint that can detect intrusions and generate power from mechanical force, enhancing building security and sustainability.","Energy, Environment & Sustainability"
Novel Hybrid Direct Air Capture Technology Enabling Distributed 100% Green Methanol Production,The University of Melbourne,AEA Ignite Round 1,"$374,627.00",2025,A/Prof Gang Li,"The purpose of this project is to revolutionise green methanol production by combining solar thermal Direct Air Capture with methanol synthesis, creating a cost-effective and scalable process to produce 100% green methanol","Energy, Environment & Sustainability"
Renewable hydrogen production from indirect raw water electrolysis,Central Queensland University,AEA Ignite Round 1,"$425,028.00",2025,Dr Michael Opolot,"The purpose of this project is to develop an innovative raw water electrolysis system using a Membrane Distillation Heat Exchanger – Water Treatment Module (MDHX-WTM) to simplify water utilization and recycling, reduce costs, and support Australia's renewable hydrogen production.","Energy, Environment & Sustainability"
Innovative Gas Sensor for Low-Emission Energy Applications,The University of Sydney,AEA Ignite Round 1,"$299,668.00",2025,Prof Xiaoke Yi,This project aims to develop an innovative gas sensor that enhances safety for industries transitioning to hydrogen as a clean energy source by quickly and accurately detecting hydrogen leaks.,"Energy, Environment & Sustainability"
Advanced manufacturing of therapeutic radiopharmaceuticals for targeted cancer treatment,The University of Melbourne,AEA Ignite Round 1,"$499,097.00",2025,Dr Asif Noor,"This project aims to develop scalable, cost-effective manufacturing methods for therapeutic radiopharmaceuticals to enable centralised and commercially viable production and distribution, improving access to cancer therapies for people in rural and regional areas.",Health & Medical Technology
Advanced injection molding for scalable manufacturing of high-throughput 3D microfluidic devices,Monash University,AEA Ignite Round 1,"$199,543.00",2025,Dr Farin Yazdan Parast,"This project aims to develop and validate an advanced injection molding and automated assembly process to simplify the efficient, scalable production of complex 3D microfluidic structures, enhancing and accelerating the commercialization of biomedical microtechnologies.",Health & Medical Technology
Rescuing crucial frontline antibiotics for treatment of multidrug-resistant bacterial infections,The University of Melbourne,AEA Ignite Round 1,"$480,390.00",2025,Prof Christopher McDevitt,This project aims to advance the development of a therapeutic that can rescue the efficacy of macrolide antibiotics against community-acquired bacterial pneumonia infections.,Health & Medical Technology
Commercialisation of Mobile AI Tool for Real-time Characterisation of Mine Waste Materials,The University of New South Wales,AEA Ignite Round 1,"$161,726.00",2025,Mr Simit Raval,"The purpose of this project is to advance SCANDY, an artificial intelligence tool for real-time mine waste characterisation, helping to transform waste management in the mining industry through accurate, unbiased assessments and enhanced decision-making.",Mining & Resources
Accelerating Cultured Fish Meat Production,James Cook University,AEA Ignite Round 1,"$473,536.00",2025,A/Prof Lionel Hebbard,"The purpose of this project is to provide tropical fish cell lines and growth media that increase scale and reduce costs during cultivated fish meat manufacturing, enabling the generation of cultivated fish meat for pet-food and human consumption for the Asian market.",Agriculture & Food Technology
A novel BioC-H2 process for hydrogen and carbon nano material (CNM) production from biogas,The Royal Melbourne Institute of Technology (RMIT),AEA Ignite Round 1,"$499,870.00",2025,Dr Savankumar Patel,"The purpose of this project is to demonstrate and validate the BioC-H2 process performance at a TRL 5 stage, showcasing its ability to transform biogas into energy-rich hydrogen gas and high-value carbon nano materials.","Energy, Environment & Sustainability"
Reliable AI-Driven Decision Making for Autonomous Underwater Vehicles in Marine Life Surveys,Griffith University,AEA Ignite Round 1,"$483,414.00",2025,Dr Zhe Hou,"The purpose of this project is to integrate cutting-edge AI technology with advanced autonomous underwater vehicle systems to enhance the monitoring and analysis of marine life, particularly for sustainable fisheries practices",Agriculture & Food Technology
"Innovative, ultra-efficient device for sustainable electricity harvesting from CO2",The University of Queensland,AEA Ignite Round 1,"$454,240.00",2025,Dr Zhe Yang,"The purpose of this project is to leverage the ion separation technique to generate usable electricity from the CO2 amine adsorption process, transforming industrial waste into a valuable resource and reducing Australia's overall carbon footprint.","Energy, Environment & Sustainability"
Reducing losses from illegal fishing through satellite-based small boat detection,University of Technology Sydney,AEA Ignite Round 1,"$198,686.00",2025,Prof Jian Zhang,"The purpose of this project is to develop a highly accurate Artificial Intelligence system that can automatically locate small boats within remote maritime borders using optical satellite images, to improve monitoring of illegal fishing and reduce associated economic losses and monitoring costs.","Energy, Environment & Sustainability"
"Scalable, Long-Range, Quantum-Secure Communications for Critical Communications Infrastructure",University of Technology Sydney,AEA Ignite Round 1,"$472,128.00",2025,Prof Milos Toth,The purpose of this project is to revolutionise secure digital communication by developing an innovative quantum communications system to fortify and future-proof digital information between critical Australian communications infrastructure.,"Energy, Environment & Sustainability"
Health Status Estimation and Resilient Closed-loop Supply Chain for Retired Electric Vehicle Batteries,The University of New South Wales,AEA Ignite Round 1,"$199,052.00",2025,Dr Rui Zhang,The purpose of this project is to create a sustainable and efficient method to recycle and reuse batteries from electric vehicles to support Australia’s energy needs.,Health & Medical Technology
Breaking barriers: developing biofilm inhibitors to combat antimicrobial resistance,La Trobe University,AEA Ignite Round 1,"$497,919.00",2025,Prof Begoña Heras,"The purpose of this project is to use antibody-based inhibitors to disrupt UPEC biofilms, preventing biofilm formation, dismantling existing biofilms, and enhancing the effectiveness of antibiotics to address the critical unmet need of treating urinary tract infections and combating antimicrobial resistance.",Health & Medical Technology
GreenWave: Accelerated Perovskite Solar Cell Production with Machine Learning and Eco-Solvents,Macquarie University,AEA Ignite Round 1,"$300,156.00",2025,Prof Shujuan Huang,"The purpose of this project is to transform the manufacturing of perovskite solar cells by developing a green, high-throughput production process using advanced machine learning.","Energy, Environment & Sustainability"
A Novel Robot for Ankle Neurorehabilitation of Patients with Post-Stroke Disabilities,University of Canberra,AEA Ignite Round 1,"$185,813.00",2025,A/Prof Shahid Hussain,The purpose of this project is to develop a new ankle rehabilitation robot that assesses the disability level of individual patients and provides customised rehabilitation to improve lower limb movement and address drop foot issues.,Health & Medical Technology
Synthesis of a Novel Nanoparticle-Bispecific Immunotherapy Platform to Treat Breast and Skin Cancer,The University of Sydney,AEA Ignite Round 1,"$500,000.00",2025,A/Prof Veysel Kayser,"The purpose of this project is to advance a new type of cancer treatment using a patented nanoparticle-bispecific immunotherapy platform that targets breast and skin cancers, aiming to improve patient outcomes and reduce healthcare costs.",Health & Medical Technology
Developing stem cell villages in a dish to develop new therapeutics for retinal diseases,The University of Melbourne,AEA Ignite Round 1,"$498,108.00",2025,Prof Alice Pébay,"The purpose of this project is to use patient stem cell-derived models to discover novel therapeutics for neurodegenerative diseases, particularly blinding diseases, by optimizing methods to grow ""retinal villages"" and applying machine-learning methods for more precise and personalized treatments.",Health & Medical Technology
Rapid and Affordable Imaging for Identification of Grass Seed Infestation in Australian Sheep,The University of New South Wales,AEA Ignite Round 1,"$457,978.00",2025,Dr Shaghik Atakaramians,"The purpose of this project is to develop a rapid and affordable scanning technology using terahertz waves and artificial intelligence to identify grass seed infestation in Australian sheep, enhancing productivity and quality management in the industry.","Energy, Environment & Sustainability"
AI-Enhanced Haptically-Enabled Robot for Teleoperated Echocardiography,Swinburne University of Technology,AEA Ignite Round 1,"$348,004.00",2025,Edgar Mauricio Hidalgo Florez,"The purpose of this project is to develop an AI-enhanced teleoperated robot for heart ultrasound examinations, enabling heart specialists in major cities to perform ultrasound examinations on patients in regional or remote Australia.",Health & Medical Technology
A Breath Ketone Sensor for Non-invasive Monitoring of Diabetes and Metabolic Health,The Australian National University,AEA Ignite Round 1,"$496,477.00",2025,Prof Lan Fu,"The purpose of this project is to revolutionise ketone monitoring for both humans and animals by developing a portable, non-invasive, and cost-effective breath ketone sensor, the Keto-whistle, to enable real-time, at-home, or in-field metabolic health diagnosis and monitoring.",Health & Medical Technology
"A solid state nanopore sensor for rapid, inexpensive, and non-invasive early-stage detection of Alzheimer’s disease.",The Australian National University,AEA Ignite Round 1,"$198,767.00",2025,Mr Shankar Dutt,"The purpose of this project is to develop a low-cost blood test for early detection and monitoring of Alzheimer's disease, aiming to improve healthcare outcomes, reduce costs, and enhance accessibility, especially for rural and remote areas.",Health & Medical Technology
A Novel Drug Treatment for Fibrotic Disease,Monash University,AEA Ignite Round 1,"$494,993.00",2025,Prof Bernard Flynn,"The purpose of this project is to enhance the preclinical package of CIN244, a 'first-in-class' antifibrotic developed by Cincera Therapeutics, to better understand its role in halting fibrosis, guide its therapeutic use, predict adverse effects, and identify patient groups most likely to benefit from the drug.",Health & Medical Technology
SPARK: Designing Sovereign Pedagogical AI for Reinforcing Knowledge in Australian Education,The University of New South Wales,AEA Ignite Round 1,"$480,000.00",2025,Mr Lorenzo Lee Solano,"The purpose of this project is to safely harness the benefits of generative AI in education by utilising proprietary datasets to improve large language models with pedagogical guardrails and content moderation, ultimately helping students arrive at solutions independently.","Digital Technology, AI, & Data Science"
Future-proofing Against Resistant Bacterial Priority Pathogens: Innovative Formulations to Treat Infections and Save Lives,University of South Australia,AEA Ignite Round 1,"$470,162.00",2025,Dr Yunmei Song,"The purpose of this project is to develop a new antibacterial compound, NCL195, to combat drug-resistant bacteria and address the growing threat of antimicrobial resistance.",Health & Medical Technology
Digitally-targeted yeast bioprospecting for non-alcoholic beer to value add to Australian agriculture,The Australian National University,AEA Ignite Round 1,"$497,117.00",2025,Dr Jonathan Arundel,"The purpose of this project is to build upon previous work to identify and select five new non-genetically modified yeast strains from the Australian wilderness, using digital technologies and machine learning, to improve the production of non-alcoholic beer.","Energy, Environment & Sustainability"
"OzAmmonia: Closing the Waste NOx Cycle via Green Ammonia Production, Powered by Renewable Energy in Australia",The University of New South Wales,AEA Ignite Round 1,"$498,500.00",2025,Dr Rahman Daiyan,"The purpose of this project is to improve the Technology Readiness Level of the OzAmmonia system by developing an integrated system to convert waste nitrogen oxide emissions (NOx) from renewable ammonia/hydrogen combustion engines into renewable ammonia, thereby enhancing efficiency and reducing environmental impact.","Energy, Environment & Sustainability"
"Digital Twins in Agriculture: Virtual Farm Model for Enhancing Crop Health, Productivity, and Sustainability",The University of Adelaide,AEA Ignite Round 1,"$491,672.00",2025,Prof Dr Volker Hessel,"The purpose of this project is to develop an innovative digital twin (DT) platform for improved decision-making to foster canola and vineyard production, leveraging the Internet of Things and DT to create virtual farm models and predictive insights for enhanced crop health and farm sustainability.",Health & Medical Technology
Indigo Revolution: Australia's Sustainable Dye,The University of New South Wales,AEA Ignite Round 1,"$378,267.00",2025,Dr Yun Cheuk Leung,"The purpose of this project is to produce indigo through microbial fermentation, eliminating the need for toxic chemicals and enabling more environmentally friendly dyeing processes.","Energy, Environment & Sustainability"
Project “Iron Wheat”: Research and commercialisation of a new wheat variety in Australia which offers higher crop yield and improved feed conversion in poultry,The University of Melbourne,AEA Ignite Round 1,"$476,932.00",2025,Prof Alex Johnson,"The purpose of this project is to improve Australian wheat yields and poultry health by advancing the research and commercialisation of a genetically modified wheat variety developed at The University of Melbourne, known as Iron Wheat.",Health & Medical Technology
Developing lead-free perovskites for low-cost and environmentally friendly solar panels,The University of Queensland,AEA Ignite Round 1,"$198,319.00",2025,Dr Peng Chen,"The purpose of this project is to develop environmentally friendly solar panels by substituting hazardous lead with non-toxic tin, enabling efficient and green photovoltaic technologies for solar energy harvesting.","Energy, Environment & Sustainability"
Preventing food poisoning with plasma activated water,The University of Adelaide,AEA Ignite Round 1,"$447,032.00",2025,Dr Katharina Richter,"The purpose of this project is to revolutionise the egg washing process by using plasma-activated water as an eco-friendly sanitser, aiming to create a safer, more sustainable method that reduces the need for harmful chemicals and conserves water.","Energy, Environment & Sustainability"
Realising Net Zero Emissions - An Affordable Concentrated Solar Thermal (CST) Demonstrator for Industry and Agriculture,University of South Australia,AEA Ignite Round 1,"$497,250.00",2025,Dr Marta Llusca Jane,"The purpose of this project is to fabricate and assemble a CST Demonstrator with two full-size solar thermal modules, using innovative plastic mirrors to reduce costs and make renewable industrial process solar heat more accessible and affordable, thereby contributing to achieving Net Zero emissions.","Energy, Environment & Sustainability"
Printable zinc ion batteries for flexible devices,The University of Queensland,AEA Ignite Round 1,"$199,008.00",2025,A/Prof Ruth Knibbe,"The purpose of this project is to develop and scale up flexible, printed zinc-ion batteries using advanced screen printing techniques, offering a cheaper, more sustainable alternative to lithium batteries and positioning Australia as a key player in the growing flexible battery market.","Energy, Environment & Sustainability"
Advanced manufacturing of non-invasive AI-enabled brain monitor: towards a medical device to reverse paralysis,Griffith University,AEA Ignite Round 1,"$499,770.00",2025,Dr Yana Salchak,"The purpose of this project is to transform rehabilitation for individuals with spinal cord injury through the BioSpine system, an innovative medical device designed to re-establish neuronal connections between the brain and muscles.",Health & Medical Technology
AI-Powered Future Prediction Tool for Rail Transport Asset Management,Central Queensland University,AEA Ignite Round 1,"$500,000.00",2025,Prof Maksym Spiryagin,"The purpose of this project is to revolutionise condition monitoring in rail transport asset management by combining advanced mathematical modelling with real-world performance data to provide real-time, highly detailed insights into locomotive condition.","Energy, Environment & Sustainability"
Non-invasive technology for gender determination of fertilised chicken eggs before incubation,The University of Melbourne,AEA Ignite Round 1,"$353,635.00",2025,Dr Snjezana Tomljenovic-Hanic,"The purpose of this project is to construct a device that can non-invasively determine the sex of fertilised chicken eggs before incubation, reducing costs, improving animal welfare, and decreasing the carbon footprint of the poultry industry.","Energy, Environment & Sustainability"
Machine learning prediction of patient ventilator asynchrony,The University of Melbourne,AEA Ignite Round 1,"$498,280.00",2025,Dr Anthony Stell,"The purpose of this project is to develop a machine-learning algorithm that detects when ventilator-assisted patients' breathing cycles become ""out of synch"" with the ventilator, allowing clinicians to adjust settings for better support, improving usage, quality of life, and survival for patients with conditions like motor-neuron disease.",Health & Medical Technology
AI-based 3D scanning and analysis technologies for healthcare and industry,Queensland University of Technology,AEA Ignite Round 1,"$485,380.00",2025,Prof Maria Woodruff,"The purpose of this project is to advance the core 3D scan processing technology by developing and integrating an AI-driven 3D processing and analysis system, resulting in an adaptive scanning technology with AI deep learning capabilities for higher scan-fidelity and more accurate 3D analyses.",Health & Medical Technology
Scalable purification of viral vectors by metal affinity chromatography,The Australian National University,AEA Ignite Round 1,"$215,939.00",2025,Dr Anjali Gowripalan,"The purpose of this project is to enhance local vaccine manufacturing by using technology developed at the Australian National University to add protein tags to viruses, allowing for the removal of unwanted cellular debris and resulting in a purer vaccine stock.",Health & Medical Technology
Manufacture of multiwell cartridges for high-throughput screening of phospholipase biomarkers in clinical samples.,University of Technology Sydney,AEA Ignite Round 1,"$199,713.00",2025,A/Prof Charles Cranfield,"The purpose of this project is to develop a 96-well plate with tethered bilayer lipid membrane technology to identify the presence of phospholipase A2 in human stool samples, aiming to improve screening for bowel cancers and inflammatory bowel diseases by reducing false-positive results and unnecessary gastrointestinal endoscopies.",Health & Medical Technology
Manufacturing a High-Performance Radiopharmaceutical Product,The University of Sydney,AEA Ignite Round 1,"$407,530.00",2025,Prof Rachel Codd,"The purpose of this project is to collaboratively develop a new targeted ligand therapy agent named D2, focusing on improving its manufacturing efficiency, cost, product stability, and performance to enhance cancer treatment options and positively impact the future Australian economy and society.",Health & Medical Technology
Bioadhesives for Underwater Applications,Queensland University of Technology,AEA Ignite Round 1,"$498,000.00",2025,Prof Dr Leonie Barner,"The purpose of this project is to optimize underwater bioadhesives, partly made from plant waste, for coral reef restoration and marine industry applications, aiming to protect and restore marine ecosystems while supporting the global ocean economy.",Agriculture & Food Technology
IMAGENDO® – Revolutionising Endometriosis Diagnosis with Machine Learning and Imaging,The University of Adelaide,AEA Ignite Round 1,"$498,291.00",2025,Dr Jodie Avery,"The purpose of this project is to advance the functional prototype of IMAGENDO®, a non-surgical diagnostic system for endometriosis, to a regulatory-ready diagnostic tool.",Health & Medical Technology
Quantum Automation for Cyber Defence,Deakin University,AEA Ignite Round 1,"$479,960.00",2025,Prof Robin Ram Mohan Doss,"The purpose of this project is to validate a novel quantum computing solution for early detection and automatic response to cyber threats, leveraging quantum principles and artificial intelligence to enhance cyber defense capabilities.","Energy, Environment & Sustainability"
New Carbon Fibre Recycling Process,The University of New South Wales,AEA Ignite Round 1,"$472,534.00",2025,Dr Di He,"The purpose of this project is to create Australia's first recycling facility that produces high-quality carbon fibre recycled material from retired aircrafts, wind turbines, and consumer goods, turning waste into a valuable resource and demonstrating its commercial potential.","Energy, Environment & Sustainability"
Production of clinical-grade red blood cell extracellular vesicles (RBC-EV) to modulate neuroinflammation in the treatment of retinal degenerative diseases,The Australian National University,AEA Ignite Round 1,"$289,147.00",2025,Dr Yvette Wooff,"The purpose of this project is to develop a manufacturing pipeline with Cell Therapies to produce clinical-grade red blood cell-derived extracellular vesicles (RBC-EV) for downstream safety and efficacy testing, aiming to advance towards a Phase I clinical trial for an accessible, safe, and anti-inflammatory treatment for retinal degenerations.",Health & Medical Technology
Quantum voltage imaging assays for neuro-pharmacology,The University of Melbourne,AEA Ignite Round 1,"$496,638.00",2025,Dr Nikolai Dontschuk,"The purpose of this project is to develop a quantum voltage imaging platform to advance drug development for neurological disorders, enabling neuroscientists to discover new ways to understand and treat diseases such as epilepsy, Alzheimer's, and motor-neuron disease.",Health & Medical Technology
Verification of a handheld prototype to measure brain pressure,The University of Melbourne,AEA Ignite Round 1,"$199,552.00",2025,Dr Bao Nguyen,"The purpose of this project is to develop a portable and compact device for quick, accessible, and objective brain pressure checks to monitor concussed athletes at the time and location of injury, ensuring a safe return-to-play and peace of mind.",Health & Medical Technology
Development of a Novel Turbostratic Carbon Film for Electrode Materials in Batteries and Supercapacitors,The University of Melbourne,AEA Ignite Round 1,"$289,775.00",2025,Dr Mehrdad Parsa,"The purpose of this project is to develop Turbostratic Carbon Films as a new electrode material for batteries and supercapacitors, aiming to significantly improve battery life, reduce charging times, and lower manufacturing costs by at least 30%.","Energy, Environment & Sustainability"
BenPol technology for management of cotton bollworm and western flower thrips,The University of Queensland,AEA Ignite Round 1,"$499,608.00",2025,Dr Karishma Mody,"The purpose of this project is to advance the patented novel material construct, BenPol, for efficient delivery of RNA interference (RNAi) technology to manage major agricultural pests, thereby enhancing Australia's agricultural productivity and sustainability.","Energy, Environment & Sustainability"
A Scalable Machine Learning Platform for Pharmaceutical Manufacture,The University of Melbourne,AEA Ignite Round 1,"$428,296.00",2025,Dr Milena Czyz,"The purpose of this project is to develop a software platform and synthesis protocols to create scalable chemical manufacturing processes for pharmaceutical products in Australia, combining novel chemistries with machine-learning and continuous flow technologies to enhance local pharmaceutical manufacturing.","Energy, Environment & Sustainability"
VisionSync: AI-Driven Sensor Fusion for Enhanced Driver Awareness and Safety,Queensland University of Technology,AEA Ignite Round 1,"$472,597.00",2025,Dr Xiaomeng Li,The purpose of this project is to revolutionise road safety by developing an advanced system that leverages existing vehicle sensors to track a driver’s focus and identify potential hazards in real time.,"Energy, Environment & Sustainability"
Commercialising Artificial Intelligence Methods for Detecting and Preventing Data Breaches in the Cloud,The University of New South Wales,AEA Ignite Round 1,"$433,050.00",2025,Dr Hassan Habibi Gharakheili,"The purpose of this project is to develop a cutting-edge artificial intelligence system to protect small and medium-sized businesses in various industries from data breaches in real-time, enabling them to safely manage sensitive information in the cloud without needing in-house cybersecurity expertise.","Energy, Environment & Sustainability"
A virtual training environment to improve workforce safety in the construction industry,The University of Melbourne,AEA Ignite Round 1,"$94,827.00",2025,Prof Lihai Zhang,"The purpose of this project is to develop an innovative virtual training platform for the construction industry, providing a realistic environment where workers can practice safety procedures, identify hazards, and manage risks in a setting that mirrors real-world conditions.","Energy, Environment & Sustainability"
IntelGrid: A Grid Intelligence Technology Enabling Efficient Integration of Renewables and Electric Vehicles,The Royal Melbourne Institute of Technology (RMIT),AEA Innovate Round 1,"$4,606,681.00",2025,Prof Mahdi Jalili,"The project will deploy IntelGrid, an AI-powered platform for grid planning and operation. It will help energy distributors optimise networks, integrate renewables, and unlock capacity for solar and EVs. IntelGrid will reduce costs, support affordable electricity, and position Australia as a global leader in smart, sustainable energy infrastructure.","Energy, Environment & Sustainability"
Improving commercial outcomes for the tomato industry through enhanced vigour and grafting success,The University of Adelaide,AEA Ignite Round 1,"$310,264.00",2025,Dr Adriane Piechatzek,"The purpose of this project is to develop the best protocols for electrical treatment of tomato seeds and plants, leveraging Indigenous knowledge and modern science to improve plant growth and yield for the benefit of the tomato industry.","Energy, Environment & Sustainability"
Revolutionising Wind Energy: Smart Wind Turbine Blades for Enhanced Turbine Efficiency and Output,The Royal Melbourne Institute of Technology (RMIT),AEA Innovate Round 1,"$4,941,028.00",2025,Prof Pier Marzocca,"The project will deploy smart wind blade technology to boost turbine efficiency and reduce costs. Advanced blades and control software will enable safer operation in a broader range of wind conditions. Demonstration at Latrobe Regional Airport will accelerate commercialisation, support regional growth, and position Australia as a leader in resilient, low-cost renewable energy innovation.","Energy, Environment & Sustainability"
A new truly simple and affordable IoT soil moisture monitoring system: A world first shallow install sensor for deep rooted crops for smart farming,The University of Melbourne,AEA Innovate Round 1,"$1,049,924.00",2025,Prof Guillermo Narsilio,"The project will scale smart soil monitoring technology to reduce crop losses and water use. Using patented sensors and a user-friendly app, it will enable data-driven decisions for shallow and deep-rooted crops. This innovation will boost farm efficiency, support sustainability, and unlock significant savings across Australian agriculture.","Energy, Environment & Sustainability"
Scaling Up Sovereign Powder Manufacturing of Critical Materials Through Sustainable Advanced Materials Innovation,Swinburne University of Technology,AEA Innovate Round 1,"$2,159,623.00",2025,Prof Christopher Berndt,"The project will establish sovereign capability in high entropy materials (HEMs), enabling local design and manufacture of advanced alloys. SUT and EntroMat will deliver bespoke HEMs for harsh industrial environments, reducing reliance on imports, protecting IP, and positioning Australia as a leader in critical materials innovation.","Defence, Aerospace, & Security"
"Building Faster and Greener: a Digitally-enabled Modular Production System for Rapid, Low Embodied Carbon Housing",The University of Melbourne,AEA Innovate Round 1,"$2,423,363.00",2025,Prof Tuan Ngo,"The project will develop ultra-low emission modular panels for rapid, affordable housing construction. In partnership with Spark Projects, pilot demonstrations will showcase advanced materials and smart curing methods. This innovation will reduce carbon emissions, accelerate prefab housing, and support Australia’s net-zero goals while expanding local manufacturing and job creation.","Energy, Environment & Sustainability"
Quantum Free-Space Adaptive Optics: Enabling quantum communication over turbulent channels,The Australian National University,AEA Innovate Round 1,"$1,910,000.00",2025,A/Prof Francis Bennet,"This project aims to develop a new way to send secure messages using light through the air. By combining quantum technology with adaptive optics, it aims to protect information, even in challenging conditions, without using cables. It will demonstrate how quantum secure communication can work at scale for space and maritime use.","Energy, Environment & Sustainability"
Multiplexed Micro-physiological Perfusion System for Bioproduction and Drug Testing,The University of Melbourne,AEA Innovate Round 1,"$960,010.00",2025,Dr Xumei Gao,"The project will commercialise an automated fluidic perfusion platform to enhance biomedical research and biomanufacturing. Pilot production and user studies will validate its impact. This innovation will accelerate drug development, reduce reliance on animal models, and strengthen Australia’s position in advanced biotech through industry collaboration and scalable technology.",Health & Medical Technology
Scaling Australian critical mineral production through muon tomography,Swinburne University of Technology,AEA Innovate Round 1,"$1,933,228.00",2025,Dr Federico Scutti,"The project will commercialise muon tomography for mineral exploration and mine safety. Swinburne and mDetect will deploy space-particle detectors to deliver non-invasive subsurface imaging. This will reduce exploration costs, improve safety, and unlock export and manufacturing opportunities - revolutionising mining with advanced, scalable technology made in Australia.","Energy, Environment & Sustainability"
NexusCharge: Intelligent Charging and Fleet Management for Electric Vehicles,The Royal Melbourne Institute of Technology (RMIT),AEA Innovate Round 1,"$4,069,130.00",2025,Prof Mahdi Jalili,"The project will scale NexusCharge, an AI-powered platform enabling precise EV transition planning and fleet management. It will help organisations streamline operations, reduce emissions, and meet sustainability goals. NexusCharge will accelerate corporate fleet electrification, supporting Australia’s shift to zero-carbon transport and a net-zero future.","Energy, Environment & Sustainability"
SWER Broken Conductor: Proofing scale for commercialisation,Victoria University,AEA Innovate Round 1,"$902,372.00",2025,Dr Douglas Pinto Sampaio Gomes,"The project will deploy conductor breakage detection devices across regional SWER networks to reduce fire risks. AI-driven diagnostics and commercial design will enhance safety, reliability, and asset monitoring. This innovation will support renewable energy, protect ecosystems, and position Australia as a global leader in rural powerline safety technology.",Health & Medical Technology
RoadSense Analytics (RSA): AI-enabled Traffic Intelligence,The University of Western Australia,AEA Innovate Round 1,"$2,680,674.00",2025,Dr Yuchao Sun,"The project will advance RSA, an AI-powered video analytics tool, to market-ready status. It will deliver deep traffic insights, reduce accidents, and optimise infrastructure. RSA will support Vision Zero, Net Zero, and Smart Cities goals, positioning Australia as a global leader in intelligent transport and complex video analysis.","Defence, Aerospace, & Security"
Development and Implementation of High-Throughput JPEG 2000 (HTJ2K) Hardware Encoder and Decoder with Code-block Caching Support,The University of New South Wales,AEA Innovate Round 1,"$857,546.00",2025,Dr Aous Naman,"This project will build a fast and energy-efficient image compression system for high-quality pictures and videos. Using new hardware, it will speed up a powerful tool called HTJ2K. The team will create a ready-to-use solution for industries like medical imaging, defence, and video storage, helping them work faster and smarter.",Health & Medical Technology
Facile water-based polyethylene terephthalate (PET) recycling for innovative packaging,The University of New South Wales,AEA Innovate Round 1,"$4,991,377.00",2025,Dr Vipul Agarwal,"This project will develop a new way to recycle plastic bottles, even coloured ones, into high-quality material. Using a patented method from UNSW, it will remove dyes from the plastic waste and turn it into clean powder that can be reused. The team will scale up the technology to help Australia recycle more and reduce plastic pollution.","Energy, Environment & Sustainability"
Long Range Wi-Fi systems for Underground Mines and other Large Industry Settings,The University of Sydney,AEA Innovate Round 1,"$1,587,748.00",2025,Prof Yonghui Li,"This project will build a new WiFi system that works over long distances, even in underground mines. It uses regular WiFi chips to keep costs low and has already shown great results. The team will improve and launch the system to boost safety and connectivity in mining and other large industries.","Energy, Environment & Sustainability"
Commercialisation of a novel conductive polymer for next-generation solar modules,The University of New South Wales,AEA Innovate Round 1,"$1,000,000.00",2025,Dr Ziheng Liu,"This project aims to commercialise novel conductive polymers for the fabrication of next-generation Si-based tandem solar panels and building integrated photovoltaic products. The material is clear, strong, and can carry electricity. The team will scale up production to make solar panels that are cheaper and more powerful, helping Australia make clean energy and create new jobs.","Energy, Environment & Sustainability"
Operationalisation of a sovereign Autonomous Underwater Vehicle capability,The University of Sydney,AEA Innovate Round 1,"$1,830,000.00",2025,Dr Lachlan Toohey,"This project will launch a smart underwater robot that can take clear pictures of the seafloor, even in tricky areas. Built at the University of Sydney, the robot is small, easy to carry, and highly manoeuvrable. The team will test and improve it for use in defence, energy, and ocean surveys.","Energy, Environment & Sustainability"
Commercialising quantum computer readout subsystems,The University of Sydney,AEA Innovate Round 1,"$1,942,350.00",2025,Dr Cassandra Joyce Chua,"This project will build powerful quantum amplifiers—tiny devices that help quantum computers work better. Made in Australia, they will be used in defence, science, and tech. The team will set up new ways to make and package these devices, helping Australia lead in global quantum innovation and manufacturing.","Energy, Environment & Sustainability"
Single Stage Production of Ultrahigh Grade Minerals,University of Newcastle,AEA Innovate Round 1,"$1,548,046.00",2025,Prof Kevin Galvin,"This project will create a new way to recover valuable minerals like tin and manganese, even from mining waste. Using a smart mixing system, it will help separate tiny mineral particles more effectively. The team will work with industry to build the technology, boosting clean mining and creating new job opportunities.","Energy, Environment & Sustainability"
Ultra-Wide Band Based Collision Awareness System,The University of New South Wales,AEA Innovate Round 1,"$1,035,002.00",2025,Mr Kai Zhao,"This project will improve safety in places like mines and warehouses by helping machines and people avoid crashes. It uses a smart tracking system based on Ultra-Wide Band technology. The team will upgrade the system and work with industry to launch it, making workplaces safer and more efficient.",Mining & Resources
Autonomous Drone Battery Swap,Macquarie University,AEA Innovate Round 1,"$2,240,200.00",2025,Mr Avishkar Seth,"This project will create a smart drone system that swaps batteries mid-air to fly longer. Using AI and special hardware, one drone gives a fresh battery to another while removing the old one. Partnering with DroneX, the team aims to launch a startup, Dronergy, to bring this breakthrough to market.","Energy, Environment & Sustainability"
"SPARC-H2: Build and demonstration of a zero-electricity, solar hydrogen reactor which will produce low-cost, clean green hydrogen at commercial scale",The University of Adelaide,AEA Innovate Round 1,"$2,754,477.00",2025,Prof Greg Metha,"This project will build a new hydrogen system that uses only sunlight, water, and a highly specialised photocatalyst. It will help make clean hydrogen for industries like mining and steel. The team will test the technology to show it works at scale, helping Australia lead in green energy and cut emissions.","Energy, Environment & Sustainability"
Manufacturing of advanced green lixiviant from biomass resources for circular critical metal production and recovery,The University of Adelaide,AEA Innovate Round 1,"$710,337.00",2025,A/Prof Chi Wai Kwong,The project will commercialise a new metal extracting technology to reduce carbon emissions using a biodegradable biomass-based leaching agent for use in critical metal extraction.,"Energy, Environment & Sustainability"
Commercialisation of novel AI-assisted functional imaging technologies for understanding lung disease,The University of Adelaide,AEA Innovate Round 1,"$3,791,636.00",2025,A/Prof Martin Donnelley,"This project will use smart software to help doctors better understand how lungs work. By combining AI with low-radiation scans, the team will create safer, more accurate lung tests, especially helpful for children. The system will be tested and improved to help patients get better care without needing extra scans.",Health & Medical Technology
Multi-Robot Mission Control System for Autonomous Systems – Integration & Mission Demonstration,University of Technology Sydney,AEA Innovate Round 1,"$2,082,896.00",2025,Mr Frank Jensen,"This project will build smart software to help one person control several robots at once. Developed by UTS and Navantia Australia, it will support defence and other industries. The system will be tested in real-world missions and made ready for global markets, helping Australia lead in robot teamwork technology.","Energy, Environment & Sustainability"
AI Driven Diagnostics and Predictive Maintenance of solar farms using SolarisAI Platform,The University of Queensland,AEA Innovate Round 1,"$539,150.00",2025,A/Prof Rahul Sharma,"This project will roll out smart software to help solar farms run better. SolarisAI uses AI to spot problems early and keep panels working at their best, without needing extra hardware. The team will test it on real farms, helping save energy, cut costs, and boost clean power across Australia.",Health & Medical Technology
Cost effective and portable low-field musculoskeletal MRI for high performance sport,The University of Queensland,AEA Innovate Round 1,"$1,310,580.00",2025,A/Prof Viktor Vegh,"This project will build a small, mobile MRI machine to help athletes check their muscles and joints where they train. It will use smart software and advanced imaging to spot injuries early and track recovery. The team will test the device to improve athlete health and performance.",Health & Medical Technology
Advanced manufacturing of high-value organic fragrances from sugarcane feedstocks,Queensland University of Technology,AEA Innovate Round 1,"$1,150,922.00",2025,Dr Ali Jahanian,"This project will make safe, high-quality perfume ingredients from sugar cane using engineered microbes. Instead of using plants or petroleum, the team will use precision fermentation to produce the fragrance in labs. They will build and test the system for large-scale production, helping Australia turn sugar into valuable products and grow a green industry.","Energy, Environment & Sustainability"
"An Intelligent, Adaptable, and User-Friendly Weed Management system",Central Queensland University,AEA Innovate Round 1,"$1,136,194.00",2025,Dr Nahina Islam,"This project will help farmers fight weeds using smart drones and AI. The system will find weeds and spray only where needed, saving money and protecting the environment. The team will test it on farms, improve its accuracy, and prepare it for wide use to support cleaner, more efficient agriculture.",Agriculture & Food Technology
High value-added manufacturing of specialty alumina products,Queensland University of Technology,AEA Innovate Round 1,"$4,875,473.00",2025,Prof Sara Couperthwaite,"This project will create special high purity alumina materials used in batteries and high-tech products. Made from mining waste, the alumina will be improved to work better in energy, defence, and manufacturing. The team will build and test the materials in Australia, helping secure supply chains and support clean energy and new jobs.","Energy, Environment & Sustainability"
Olives the Australian Way - A pre-commercial demonstration of a novel debittering process for a new style of table olive,University of South Australia,AEA Innovate Round 1,"$2,146,000.00",2025,Prof John Fielke,"This project will bring a modified kind of table olive to market—fresh, fruity, and ready to eat in under six months. Using a patented process from UniSA, the team will prove the non toxic system at scale in South Australia. It could double olive farming in Australia and grow a billion-dollar industry.",Agriculture & Food Technology
Novel Superconducting Quantum Interference Device (SQUID) Array Technology for Ultrasensitive Signal Sensing.,The University of Adelaide,AEA Innovate Round 1,"$2,555,423.00",2025,Dr Giuseppe Carlo Tettamanzi,"This project will build powerful new antennas that can hear even the faintest signals. Using quantum technology, they will help defence and communication systems work faster and smarter. The team will test the antennas in real-world settings, aiming to replace older systems and boost Australia’s tech leadership.","Energy, Environment & Sustainability"
Developing Australian meat into the world’s best product with an artificial intelligence-enabled meat scanner,The University of Adelaide,AEA Innovate Round 1,"$4,287,471.00",2025,Prof Robert McLaughlin,"This project will build a smart tool to quickly check meat quality in processing plants. Using a tiny probe and AI, it will help find premium meat and give farmers feedback to improve livestock. The team will test it across Australia, aiming to launch into a global market.","Energy, Environment & Sustainability"
Commercially viable product development for scalable accessible space photovoltaics,The University of Sydney,AEA Innovate Round 1,"$3,610,290.00",2025,Prof Anita Ho-Baillie,"This project will build new solar cells for satellites that are cheaper, lighter, and work better in space. Made from special materials called perovskites, they resist space damage and make more power. The team will improve the design and test it with users, helping grow Australia’s space energy industry.","Energy, Environment & Sustainability"
Sub-100 nm feature wafer-scale manufacturing for clinical scale biophotonics,La Trobe University,AEA Innovate Round 1,"$2,500,000.00",2025,Prof Brian Abbey,"This project will build Australia’s first facility to make tiny medical devices at scale. Using advanced technology, it will help create smart microscope slides that can detect cancer. The team will test the system for safe, large-scale production, helping bring new health tools to market and grow local manufacturing.",Health & Medical Technology
Fully integrated digital technology solution for enhanced dairy farm management,La Trobe University,AEA Innovate Round 1,"$3,800,000.00",2025,Prof Aniruddha Desai,"The project will integrate drone and wearable tech to deliver a digital twin for dairy farm management. Advancing from TRL 6 to 8, it will help farmers reduce costs and boost milk yields by combining pasture, health, and production data into one powerful decision-support platform.",Health & Medical Technology
Autonomous Ground Uncrewed System for Intelligent Surveillance,Federation University Australia,AEA Innovate Round 1,"$597,538.00",2025,A/Prof Gayan Kahandawa Appuhamillage,"This project will upgrade a rugged robot called GUS to work on its own in dangerous places. It will carry power and equipment, spot threats using AI, and help keep people safe. The team will test it in real-world missions, with strong support from the Australian Army for defence use.","Defence, Aerospace, & Security"
Maturing Quantum Sensors to Match Real-World Needs,The University of Adelaide,AEA Innovate Round 1,"$4,965,108.00",2025,Prof Andre Luiten,"This project will build powerful sensors that can detect things underground, underwater, and where current technology doesn’t work. Using quantum technology, they will help find minerals, improve navigation, and protect communication systems. The team will make the sensors smaller, cheaper, more efficient and ready for real-world use, helping Australia lead in this growing field.",Mining & Resources
Sovereign sodium-ion battery manufacturing,Deakin University,AEA Innovate Round 1,"$3,852,685.00",2025,A/Prof Robert Kerr,"This project will build safer, more sustainable batteries using sodium instead of lithium. Developed by Deakin University, the new design lowers fire risk and uses innovative electrolyte materials to improve performance. The team will work with industry to get the batteries ready for manufacturing and help Australia lead in clean energy storage.","Energy, Environment & Sustainability"
"Development, validation and scale-up of smoke taint prediction technology for the Australian wine industry and wine producers globally",La Trobe University,AEA Innovate Round 1,"$1,780,695.00",2025,Prof Ian Porter,"The project will finalise and provide proof of scale Wine Industry Smoke Detectors (WISDs), enabling real-time smoke taint risk prediction. Growers will make early, confident decisions during smoke events, reducing losses and improving grape quality. WISDs will be validated nationally and integrated into smart viticulture systems for domestic and international deployment.","Energy, Environment & Sustainability"
